LOCATION,INDICATOR,SUBJECT,MEASURE,FREQUENCY,TIME,Value,Flag Codes
AUS,LFPR,25_64,PC_AGE,A,1966,65.1171564267996,
AUS,LFPR,25_64,PC_AGE,A,1967,65.491104752944,
AUS,LFPR,25_64,PC_AGE,A,1968,66.1134287979388,
AUS,LFPR,25_64,PC_AGE,A,1969,66.2927766990211,
AUS,LFPR,25_64,PC_AGE,A,1970,67.539021991628,
AUS,LFPR,25_64,PC_AGE,A,1971,67.9112622915086,
AUS,LFPR,25_64,PC_AGE,A,1972,68.3495137713458,
AUS,LFPR,25_64,PC_AGE,A,1973,68.8546452616431,
AUS,LFPR,25_64,PC_AGE,A,1974,68.9333203332886,
AUS,LFPR,25_64,PC_AGE,A,1975,68.9259799971971,
AUS,LFPR,25_64,PC_AGE,A,1976,68.9466625456211,
AUS,LFPR,25_64,PC_AGE,A,1977,69.2503580090704,
AUS,LFPR,25_64,PC_AGE,A,1978,68.3799259546762,
AUS,LFPR,25_64,PC_AGE,A,1979,68.0923436368487,
AUS,LFPR,25_64,PC_AGE,A,1980,68.469974361681,
AUS,LFPR,25_64,PC_AGE,A,1981,68.4333414435347,
AUS,LFPR,25_64,PC_AGE,A,1982,68.2459819716321,
AUS,LFPR,25_64,PC_AGE,A,1983,68.0219858981651,
AUS,LFPR,25_64,PC_AGE,A,1984,68.435592566646,
AUS,LFPR,25_64,PC_AGE,A,1985,68.9447962926177,
AUS,LFPR,25_64,PC_AGE,A,1986,70.572484291968,
AUS,LFPR,25_64,PC_AGE,A,1987,71.0762417218822,
AUS,LFPR,25_64,PC_AGE,A,1988,71.942941088766,
AUS,LFPR,25_64,PC_AGE,A,1989,72.938453747696,
AUS,LFPR,25_64,PC_AGE,A,1990,73.9555393536417,
AUS,LFPR,25_64,PC_AGE,A,1991,74.0199279475244,
AUS,LFPR,25_64,PC_AGE,A,1992,73.8796046679143,
AUS,LFPR,25_64,PC_AGE,A,1993,73.7499761935016,
AUS,LFPR,25_64,PC_AGE,A,1994,73.9635344000192,
AUS,LFPR,25_64,PC_AGE,A,1995,74.6329178164631,
AUS,LFPR,25_64,PC_AGE,A,1996,74.6918229028478,
AUS,LFPR,25_64,PC_AGE,A,1997,74.5475092316801,
AUS,LFPR,25_64,PC_AGE,A,1998,74.4760513313994,
AUS,LFPR,25_64,PC_AGE,A,1999,74.2191646251646,
AUS,LFPR,25_64,PC_AGE,A,2000,74.7177002660723,
AUS,LFPR,25_64,PC_AGE,A,2001,74.9219453076513,
AUS,LFPR,25_64,PC_AGE,A,2002,75.2164874252348,
AUS,LFPR,25_64,PC_AGE,A,2003,75.5842929489201,
AUS,LFPR,25_64,PC_AGE,A,2004,75.4585441142792,
AUS,LFPR,25_64,PC_AGE,A,2005,76.5825535246114,
AUS,LFPR,25_64,PC_AGE,A,2006,77.0993363188728,
AUS,LFPR,25_64,PC_AGE,A,2007,77.6054841020914,
AUS,LFPR,25_64,PC_AGE,A,2008,78.0063220751222,
AUS,LFPR,25_64,PC_AGE,A,2009,78.2902915041671,
AUS,LFPR,25_64,PC_AGE,A,2010,78.5120599142868,
AUS,LFPR,25_64,PC_AGE,A,2011,78.8189711621895,
AUS,LFPR,25_64,PC_AGE,A,2012,78.697536228494,
AUS,LFPR,25_64,PC_AGE,A,2013,78.8272919665956,
AUS,LFPR,25_64,PC_AGE,A,2014,78.7583844780424,
AUS,LFPR,25_64,PC_AGE,A,2015,79.3580089327418,
AUS,LFPR,25_64,PC_AGE,A,2016,79.4677002598557,
AUS,LFPR,25_64,PC_AGE,A,2017,80.0560648595393,
AUS,LFPR,25_64,PC_AGE,A,2018,80.531244073876,
AUS,LFPR,25_64,PC_AGE,A,2019,81.0137967284002,
AUS,LFPR,25_64,PC_AGE,A,2020,80.6222831099066,
AUT,LFPR,25_64,PC_AGE,A,1994,73.0469288071797,
AUT,LFPR,25_64,PC_AGE,A,1995,73.9121088923962,
AUT,LFPR,25_64,PC_AGE,A,1996,73.3357528248682,
AUT,LFPR,25_64,PC_AGE,A,1997,73.5076609235721,
AUT,LFPR,25_64,PC_AGE,A,1998,73.6709760334896,
AUT,LFPR,25_64,PC_AGE,A,1999,74.0831025435049,
AUT,LFPR,25_64,PC_AGE,A,2000,73.9662425123299,
AUT,LFPR,25_64,PC_AGE,A,2001,74.0916490253861,
AUT,LFPR,25_64,PC_AGE,A,2002,75.0788889183068,
AUT,LFPR,25_64,PC_AGE,A,2003,75.592765403312,
AUT,LFPR,25_64,PC_AGE,A,2004,73.3131127779997,
AUT,LFPR,25_64,PC_AGE,A,2005,74.3521503181804,
AUT,LFPR,25_64,PC_AGE,A,2006,75.5236038998625,
AUT,LFPR,25_64,PC_AGE,A,2007,76.5490249103866,
AUT,LFPR,25_64,PC_AGE,A,2008,77.0086803838923,
AUT,LFPR,25_64,PC_AGE,A,2009,77.539301959389,
AUT,LFPR,25_64,PC_AGE,A,2010,77.8902289957104,
AUT,LFPR,25_64,PC_AGE,A,2011,77.8080004618453,
AUT,LFPR,25_64,PC_AGE,A,2012,78.4726957923308,
AUT,LFPR,25_64,PC_AGE,A,2013,79.0301888450145,
AUT,LFPR,25_64,PC_AGE,A,2014,78.9853738469649,
AUT,LFPR,25_64,PC_AGE,A,2015,79.2096528288407,
AUT,LFPR,25_64,PC_AGE,A,2016,80.0307821482907,
AUT,LFPR,25_64,PC_AGE,A,2017,80.4429115340428,
AUT,LFPR,25_64,PC_AGE,A,2018,80.6605273521587,
AUT,LFPR,25_64,PC_AGE,A,2019,80.9177011144016,
AUT,LFPR,25_64,PC_AGE,A,2020,80.3070622783606,
BEL,LFPR,25_64,PC_AGE,A,1983,65.3718769337813,
BEL,LFPR,25_64,PC_AGE,A,1984,65.1868956534923,
BEL,LFPR,25_64,PC_AGE,A,1985,64.6751012122326,
BEL,LFPR,25_64,PC_AGE,A,1986,64.6196445137931,
BEL,LFPR,25_64,PC_AGE,A,1987,63.954364063486,
BEL,LFPR,25_64,PC_AGE,A,1988,64.2455273543395,
BEL,LFPR,25_64,PC_AGE,A,1989,64.8299116015942,
BEL,LFPR,25_64,PC_AGE,A,1990,64.7912163756832,
BEL,LFPR,25_64,PC_AGE,A,1991,66.1117648782899,
BEL,LFPR,25_64,PC_AGE,A,1992,66.6781283912124,
BEL,LFPR,25_64,PC_AGE,A,1993,67.3522429845333,
BEL,LFPR,25_64,PC_AGE,A,1994,68.1721754803111,
BEL,LFPR,25_64,PC_AGE,A,1995,68.857778469051,
BEL,LFPR,25_64,PC_AGE,A,1996,69.1498702248458,
BEL,LFPR,25_64,PC_AGE,A,1997,69.7447791194742,
BEL,LFPR,25_64,PC_AGE,A,1998,70.2838265384505,
BEL,LFPR,25_64,PC_AGE,A,1999,71.7952877980732,
BEL,LFPR,25_64,PC_AGE,A,2000,71.8985621561741,
BEL,LFPR,25_64,PC_AGE,A,2001,70.6532582537798,
BEL,LFPR,25_64,PC_AGE,A,2002,71.3525197987919,
BEL,LFPR,25_64,PC_AGE,A,2003,71.6829422913934,
BEL,LFPR,25_64,PC_AGE,A,2004,72.8064078459912,
BEL,LFPR,25_64,PC_AGE,A,2005,73.902502399017,
BEL,LFPR,25_64,PC_AGE,A,2006,73.6541309399802,
BEL,LFPR,25_64,PC_AGE,A,2007,74.5339263218769,
BEL,LFPR,25_64,PC_AGE,A,2008,74.6800089574364,
BEL,LFPR,25_64,PC_AGE,A,2009,74.6763294733152,
BEL,LFPR,25_64,PC_AGE,A,2010,75.5508763793349,
BEL,LFPR,25_64,PC_AGE,A,2011,74.5093701541704,
BEL,LFPR,25_64,PC_AGE,A,2012,74.883420774446,
BEL,LFPR,25_64,PC_AGE,A,2013,75.6986926356036,
BEL,LFPR,25_64,PC_AGE,A,2014,76.0589312147241,
BEL,LFPR,25_64,PC_AGE,A,2015,75.8819421473347,
BEL,LFPR,25_64,PC_AGE,A,2016,76.1814967015843,
BEL,LFPR,25_64,PC_AGE,A,2017,76.6312851018066,
BEL,LFPR,25_64,PC_AGE,A,2018,76.976596387054,
BEL,LFPR,25_64,PC_AGE,A,2019,77.1921095174333,
BEL,LFPR,25_64,PC_AGE,A,2020,77.2024250649136,
CAN,LFPR,25_64,PC_AGE,A,1976,69.8277644922632,
CAN,LFPR,25_64,PC_AGE,A,1977,70.1593035775844,
CAN,LFPR,25_64,PC_AGE,A,1978,71.2831991762244,
CAN,LFPR,25_64,PC_AGE,A,1979,72.161659631005,
CAN,LFPR,25_64,PC_AGE,A,1980,72.8334444370291,
CAN,LFPR,25_64,PC_AGE,A,1981,73.9084318247102,
CAN,LFPR,25_64,PC_AGE,A,1982,73.7424719988046,
CAN,LFPR,25_64,PC_AGE,A,1983,74.2732283968017,
CAN,LFPR,25_64,PC_AGE,A,1984,74.738944928355,
CAN,LFPR,25_64,PC_AGE,A,1985,75.6437136166884,
CAN,LFPR,25_64,PC_AGE,A,1986,76.2500088476848,
CAN,LFPR,25_64,PC_AGE,A,1987,76.851002277462,
CAN,LFPR,25_64,PC_AGE,A,1988,77.5173555487223,
CAN,LFPR,25_64,PC_AGE,A,1989,78.1229199811866,
CAN,LFPR,25_64,PC_AGE,A,1990,78.4747665207577,
CAN,LFPR,25_64,PC_AGE,A,1991,78.3271356980631,
CAN,LFPR,25_64,PC_AGE,A,1992,77.7032205897759,
CAN,LFPR,25_64,PC_AGE,A,1993,77.7950078724526,
CAN,LFPR,25_64,PC_AGE,A,1994,77.6711279716003,
CAN,LFPR,25_64,PC_AGE,A,1995,77.546494477699,
CAN,LFPR,25_64,PC_AGE,A,1996,77.6348932612686,
CAN,LFPR,25_64,PC_AGE,A,1997,78.1881931573877,
CAN,LFPR,25_64,PC_AGE,A,1998,78.5385674729787,
CAN,LFPR,25_64,PC_AGE,A,1999,78.8516072755375,
CAN,LFPR,25_64,PC_AGE,A,2000,79.0582755070319,
CAN,LFPR,25_64,PC_AGE,A,2001,79.2169616472258,
CAN,LFPR,25_64,PC_AGE,A,2002,80.0677465057884,
CAN,LFPR,25_64,PC_AGE,A,2003,80.8151076340921,
CAN,LFPR,25_64,PC_AGE,A,2004,80.8956529338376,
CAN,LFPR,25_64,PC_AGE,A,2005,80.6351009790443,
CAN,LFPR,25_64,PC_AGE,A,2006,80.3060861997584,
CAN,LFPR,25_64,PC_AGE,A,2007,80.6631283075809,
CAN,LFPR,25_64,PC_AGE,A,2008,80.7467915322801,
CAN,LFPR,25_64,PC_AGE,A,2009,80.678357774975,
CAN,LFPR,25_64,PC_AGE,A,2010,80.6454206126,
CAN,LFPR,25_64,PC_AGE,A,2011,80.6027558093511,
CAN,LFPR,25_64,PC_AGE,A,2012,80.8463784203871,
CAN,LFPR,25_64,PC_AGE,A,2013,81.0123321118691,
CAN,LFPR,25_64,PC_AGE,A,2014,80.5337568343459,
CAN,LFPR,25_64,PC_AGE,A,2015,80.7443794714641,
CAN,LFPR,25_64,PC_AGE,A,2016,80.9473791368312,
CAN,LFPR,25_64,PC_AGE,A,2017,81.2660773570792,
CAN,LFPR,25_64,PC_AGE,A,2018,81.3377110575745,
CAN,LFPR,25_64,PC_AGE,A,2019,81.8335519817354,
CAN,LFPR,25_64,PC_AGE,A,2020,80.8918059426743,
CZE,LFPR,25_64,PC_AGE,A,1993,78.5827780048436,
CZE,LFPR,25_64,PC_AGE,A,1994,78.8554389262886,
CZE,LFPR,25_64,PC_AGE,A,1995,79.3365390266752,
CZE,LFPR,25_64,PC_AGE,A,1996,79.4217083360635,
CZE,LFPR,25_64,PC_AGE,A,1997,79.641749663842,
CZE,LFPR,25_64,PC_AGE,A,1998,79.3012962730985,
CZE,LFPR,25_64,PC_AGE,A,1999,79.214860104769,
CZE,LFPR,25_64,PC_AGE,A,2000,78.6516124383085,
CZE,LFPR,25_64,PC_AGE,A,2001,78.521348317639,
CZE,LFPR,25_64,PC_AGE,A,2002,78.6578201256533,
CZE,LFPR,25_64,PC_AGE,A,2003,78.2664227277434,
CZE,LFPR,25_64,PC_AGE,A,2004,78.1914984385932,
CZE,LFPR,25_64,PC_AGE,A,2005,78.7824469434345,
CZE,LFPR,25_64,PC_AGE,A,2006,78.6502902781973,
CZE,LFPR,25_64,PC_AGE,A,2007,78.3119778364573,
CZE,LFPR,25_64,PC_AGE,A,2008,78.2037546768637,
CZE,LFPR,25_64,PC_AGE,A,2009,78.4494349784607,
CZE,LFPR,25_64,PC_AGE,A,2010,78.5177028851574,
CZE,LFPR,25_64,PC_AGE,A,2011,78.8427228498094,
CZE,LFPR,25_64,PC_AGE,A,2012,79.5523619405766,
CZE,LFPR,25_64,PC_AGE,A,2013,80.7760974665044,
CZE,LFPR,25_64,PC_AGE,A,2014,81.1628323218845,
CZE,LFPR,25_64,PC_AGE,A,2015,81.4655971152719,
CZE,LFPR,25_64,PC_AGE,A,2016,82.4660824252227,
CZE,LFPR,25_64,PC_AGE,A,2017,83.3489664012165,
CZE,LFPR,25_64,PC_AGE,A,2018,84.2060130428119,
CZE,LFPR,25_64,PC_AGE,A,2019,84.400891772792,
CZE,LFPR,25_64,PC_AGE,A,2020,84.4437525550541,
DNK,LFPR,25_64,PC_AGE,A,1983,81.8225492645044,
DNK,LFPR,25_64,PC_AGE,A,1984,80.8989908108762,
DNK,LFPR,25_64,PC_AGE,A,1985,81.7463311611738,
DNK,LFPR,25_64,PC_AGE,A,1986,83.0191882818055,
DNK,LFPR,25_64,PC_AGE,A,1987,82.7243032719048,
DNK,LFPR,25_64,PC_AGE,A,1988,83.9326029913846,
DNK,LFPR,25_64,PC_AGE,A,1989,83.9582497747967,
DNK,LFPR,25_64,PC_AGE,A,1990,84.8925056652767,
DNK,LFPR,25_64,PC_AGE,A,1991,84.6976180944456,
DNK,LFPR,25_64,PC_AGE,A,1992,84.5941553803908,
DNK,LFPR,25_64,PC_AGE,A,1993,83.9020155759516,
DNK,LFPR,25_64,PC_AGE,A,1994,81.2521227403228,
DNK,LFPR,25_64,PC_AGE,A,1995,81.1018864880599,
DNK,LFPR,25_64,PC_AGE,A,1996,80.8296283022862,
DNK,LFPR,25_64,PC_AGE,A,1997,81.0654353984497,
DNK,LFPR,25_64,PC_AGE,A,1998,81.0795826395441,
DNK,LFPR,25_64,PC_AGE,A,1999,82.1500512171118,
DNK,LFPR,25_64,PC_AGE,A,2000,81.8591015700051,
DNK,LFPR,25_64,PC_AGE,A,2001,82.1723584986367,
DNK,LFPR,25_64,PC_AGE,A,2002,81.70696131601,
DNK,LFPR,25_64,PC_AGE,A,2003,82.1792821070736,
DNK,LFPR,25_64,PC_AGE,A,2004,82.5420831265551,
DNK,LFPR,25_64,PC_AGE,A,2005,82.0908412173832,
DNK,LFPR,25_64,PC_AGE,A,2006,82.6761082416704,
DNK,LFPR,25_64,PC_AGE,A,2007,81.958468435485,
DNK,LFPR,25_64,PC_AGE,A,2008,81.3456198691,
DNK,LFPR,25_64,PC_AGE,A,2009,81.0552941824896,
DNK,LFPR,25_64,PC_AGE,A,2010,81.1571308332459,
DNK,LFPR,25_64,PC_AGE,A,2011,81.148073136029,
DNK,LFPR,25_64,PC_AGE,A,2012,81.0616734479676,
DNK,LFPR,25_64,PC_AGE,A,2013,81.0574509685933,
DNK,LFPR,25_64,PC_AGE,A,2014,81.0762514510819,
DNK,LFPR,25_64,PC_AGE,A,2015,81.5333511764872,
DNK,LFPR,25_64,PC_AGE,A,2016,81.9019453022916,
DNK,LFPR,25_64,PC_AGE,A,2017,82.2360625740324,
DNK,LFPR,25_64,PC_AGE,A,2018,82.6925678929047,
DNK,LFPR,25_64,PC_AGE,A,2019,83.4070662781624,
DNK,LFPR,25_64,PC_AGE,A,2020,83.4164281552264,
FIN,LFPR,25_64,PC_AGE,A,1963,77.2169811320755,
FIN,LFPR,25_64,PC_AGE,A,1964,77.9915532613796,
FIN,LFPR,25_64,PC_AGE,A,1965,77.8350515463918,
FIN,LFPR,25_64,PC_AGE,A,1966,77.9226828132278,
FIN,LFPR,25_64,PC_AGE,A,1967,76.9800833719314,
FIN,LFPR,25_64,PC_AGE,A,1968,76.3048498845266,
FIN,LFPR,25_64,PC_AGE,A,1969,75.4612546125461,
FIN,LFPR,25_64,PC_AGE,A,1970,76.757005052825,
FIN,LFPR,25_64,PC_AGE,A,1971,76.9265639165911,
FIN,LFPR,25_64,PC_AGE,A,1972,76.7721801159162,
FIN,LFPR,25_64,PC_AGE,A,1973,77.7777777777778,
FIN,LFPR,25_64,PC_AGE,A,1974,79.0357296599225,
FIN,LFPR,25_64,PC_AGE,A,1975,79.048023799405,
FIN,LFPR,25_64,PC_AGE,A,1976,77.9831932773109,
FIN,LFPR,25_64,PC_AGE,A,1977,78.5,
FIN,LFPR,25_64,PC_AGE,A,1978,78.5478547854786,
FIN,LFPR,25_64,PC_AGE,A,1979,79.3949304987735,
FIN,LFPR,25_64,PC_AGE,A,1980,80.3318494536625,
FIN,LFPR,25_64,PC_AGE,A,1981,80.8,
FIN,LFPR,25_64,PC_AGE,A,1982,81.8829113924051,
FIN,LFPR,25_64,PC_AGE,A,1983,82.1848081440877,
FIN,LFPR,25_64,PC_AGE,A,1984,81.9132455460883,
FIN,LFPR,25_64,PC_AGE,A,1985,82.1250479478328,
FIN,LFPR,25_64,PC_AGE,A,1986,81.6799695933105,
FIN,LFPR,25_64,PC_AGE,A,1987,81.0117025292563,
FIN,LFPR,25_64,PC_AGE,A,1988,80.7576894223556,
FIN,LFPR,25_64,PC_AGE,A,1989,81.4317673378076,
FIN,LFPR,25_64,PC_AGE,A,1990,81.0880829015544,
FIN,LFPR,25_64,PC_AGE,A,1991,80.0293685756241,
FIN,LFPR,25_64,PC_AGE,A,1992,79.2638483965014,
FIN,LFPR,25_64,PC_AGE,A,1993,78.8329104748097,
FIN,LFPR,25_64,PC_AGE,A,1994,78.6950252343187,
FIN,LFPR,25_64,PC_AGE,A,1995,79.402232625135,
FIN,LFPR,25_64,PC_AGE,A,1996,79.6336206896552,
FIN,LFPR,25_64,PC_AGE,A,1997,78.3279512020093,
FIN,LFPR,25_64,PC_AGE,A,1998,78.6814761734145,
FIN,LFPR,25_64,PC_AGE,A,1999,79.3066476054324,
FIN,LFPR,25_64,PC_AGE,A,2000,79.8217468805704,
FIN,LFPR,25_64,PC_AGE,A,2001,80.2416488983653,
FIN,LFPR,25_64,PC_AGE,A,2002,80.212389380531,
FIN,LFPR,25_64,PC_AGE,A,2003,79.8799858806918,
FIN,LFPR,25_64,PC_AGE,A,2004,79.6550510383668,
FIN,LFPR,25_64,PC_AGE,A,2005,80.098452883263,
FIN,LFPR,25_64,PC_AGE,A,2006,80.4210526315789,
FIN,LFPR,25_64,PC_AGE,A,2007,80.447708989157,
FIN,LFPR,25_64,PC_AGE,A,2008,80.9308787773532,
FIN,LFPR,25_64,PC_AGE,A,2009,80.4641496363006,
FIN,LFPR,25_64,PC_AGE,A,2010,80.0759668508287,
FIN,LFPR,25_64,PC_AGE,A,2011,80.3751302535603,
FIN,LFPR,25_64,PC_AGE,A,2012,80.614739783444,
FIN,LFPR,25_64,PC_AGE,A,2013,80.3997194950912,
FIN,LFPR,25_64,PC_AGE,A,2014,80.5633802816901,
FIN,LFPR,25_64,PC_AGE,A,2015,81.0028248587571,
FIN,LFPR,25_64,PC_AGE,A,2016,81.1125077198334,
FIN,LFPR,25_64,PC_AGE,A,2017,81.8370881702224,
FIN,LFPR,25_64,PC_AGE,A,2018,83.2284015444662,
FIN,LFPR,25_64,PC_AGE,A,2019,83.4562447494542,
FIN,LFPR,25_64,PC_AGE,A,2020,83.7491332961409,
FRA,LFPR,25_64,PC_AGE,A,1975,71.9251555846708,
FRA,LFPR,25_64,PC_AGE,A,1976,72.5363816936236,
FRA,LFPR,25_64,PC_AGE,A,1977,73.2873415690679,
FRA,LFPR,25_64,PC_AGE,A,1978,73.2935798052077,
FRA,LFPR,25_64,PC_AGE,A,1979,74.2790734320832,
FRA,LFPR,25_64,PC_AGE,A,1980,74.7713740903607,
FRA,LFPR,25_64,PC_AGE,A,1981,74.2994578911201,
FRA,LFPR,25_64,PC_AGE,A,1982,73.6106426831553,
FRA,LFPR,25_64,PC_AGE,A,1983,72.7587476979742,
FRA,LFPR,25_64,PC_AGE,A,1984,72.3483613977911,
FRA,LFPR,25_64,PC_AGE,A,1985,72.3376065315476,
FRA,LFPR,25_64,PC_AGE,A,1986,72.892144660574,
FRA,LFPR,25_64,PC_AGE,A,1987,72.9148996324569,
FRA,LFPR,25_64,PC_AGE,A,1988,73.2258064516129,
FRA,LFPR,25_64,PC_AGE,A,1989,73.5449367967773,
FRA,LFPR,25_64,PC_AGE,A,1990,73.7636038021766,
FRA,LFPR,25_64,PC_AGE,A,1991,74.0588918494227,
FRA,LFPR,25_64,PC_AGE,A,1992,74.4296256177646,
FRA,LFPR,25_64,PC_AGE,A,1993,74.9251622885204,
FRA,LFPR,25_64,PC_AGE,A,1994,75.3186094615333,
FRA,LFPR,25_64,PC_AGE,A,1995,75.6107262421691,
FRA,LFPR,25_64,PC_AGE,A,1996,76.3532669611657,
FRA,LFPR,25_64,PC_AGE,A,1997,76.1200863365819,
FRA,LFPR,25_64,PC_AGE,A,1998,76.2747138397503,
FRA,LFPR,25_64,PC_AGE,A,1999,76.6334584034157,
FRA,LFPR,25_64,PC_AGE,A,2000,76.5842250272314,
FRA,LFPR,25_64,PC_AGE,A,2001,76.5908005729747,
FRA,LFPR,25_64,PC_AGE,A,2002,76.8350147054173,
FRA,LFPR,25_64,PC_AGE,A,2003,77.1000282832092,
FRA,LFPR,25_64,PC_AGE,A,2004,77.1487422757631,
FRA,LFPR,25_64,PC_AGE,A,2005,77.0501438426084,
FRA,LFPR,25_64,PC_AGE,A,2006,76.8988020466313,
FRA,LFPR,25_64,PC_AGE,A,2007,76.7873948814475,
FRA,LFPR,25_64,PC_AGE,A,2008,76.8892105421868,
FRA,LFPR,25_64,PC_AGE,A,2009,77.031568839275,
FRA,LFPR,25_64,PC_AGE,A,2010,77.1854373861362,
FRA,LFPR,25_64,PC_AGE,A,2011,77.1676989042401,
FRA,LFPR,25_64,PC_AGE,A,2012,77.9684241882633,
FRA,LFPR,25_64,PC_AGE,A,2013,78.4598413928806,
FRA,LFPR,25_64,PC_AGE,A,2014,78.7511566128406,
FRA,LFPR,25_64,PC_AGE,A,2015,78.9033068229385,
FRA,LFPR,25_64,PC_AGE,A,2016,79.1569367103766,
FRA,LFPR,25_64,PC_AGE,A,2017,79.3337722973782,
FRA,LFPR,25_64,PC_AGE,A,2018,79.766408454933,
FRA,LFPR,25_64,PC_AGE,A,2019,79.7052281958307,
FRA,LFPR,25_64,PC_AGE,A,2020,79.3254317698062,
DEU,LFPR,25_64,PC_AGE,A,1970,66.5759989637977,
DEU,LFPR,25_64,PC_AGE,A,1971,66.5662162600045,
DEU,LFPR,25_64,PC_AGE,A,1972,67.0769230769231,
DEU,LFPR,25_64,PC_AGE,A,1973,67.9623885226832,
DEU,LFPR,25_64,PC_AGE,A,1974,68.1762387751147,
DEU,LFPR,25_64,PC_AGE,A,1975,68.2422356221228,
DEU,LFPR,25_64,PC_AGE,A,1976,68.4059763679568,
DEU,LFPR,25_64,PC_AGE,A,1977,68.6305836322139,
DEU,LFPR,25_64,PC_AGE,A,1978,68.9612423332898,
DEU,LFPR,25_64,PC_AGE,A,1979,69.4556582888397,
DEU,LFPR,25_64,PC_AGE,A,1980,70.0096930533118,
DEU,LFPR,25_64,PC_AGE,A,1981,70.2668157852692,
DEU,LFPR,25_64,PC_AGE,A,1982,70.0791873047922,
DEU,LFPR,25_64,PC_AGE,A,1983,69.439246506986,
DEU,LFPR,25_64,PC_AGE,A,1984,68.0173451799221,
DEU,LFPR,25_64,PC_AGE,A,1985,68.4312056670754,
DEU,LFPR,25_64,PC_AGE,A,1986,68.8513741395193,
DEU,LFPR,25_64,PC_AGE,A,1987,68.789883247191,
DEU,LFPR,25_64,PC_AGE,A,1988,69.0542310899,
DEU,LFPR,25_64,PC_AGE,A,1989,69.1712484702031,
DEU,LFPR,25_64,PC_AGE,A,1990,69.542044894996,
DEU,LFPR,25_64,PC_AGE,A,1991,73.3439567979107,
DEU,LFPR,25_64,PC_AGE,A,1992,73.518265544441,
DEU,LFPR,25_64,PC_AGE,A,1993,73.6277630030082,
DEU,LFPR,25_64,PC_AGE,A,1994,73.4817769876201,
DEU,LFPR,25_64,PC_AGE,A,1995,73.7187088984239,
DEU,LFPR,25_64,PC_AGE,A,1996,74.1984732824428,
DEU,LFPR,25_64,PC_AGE,A,1997,74.682105714592,
DEU,LFPR,25_64,PC_AGE,A,1998,75.2433846549728,
DEU,LFPR,25_64,PC_AGE,A,1999,74.9023753532826,
DEU,LFPR,25_64,PC_AGE,A,2000,74.908539885269,
DEU,LFPR,25_64,PC_AGE,A,2001,75.385951579633,
DEU,LFPR,25_64,PC_AGE,A,2002,75.7989572653302,
DEU,LFPR,25_64,PC_AGE,A,2003,76.0224714188909,
DEU,LFPR,25_64,PC_AGE,A,2004,77.619437498617,
DEU,LFPR,25_64,PC_AGE,A,2005,78.9674443360241,
DEU,LFPR,25_64,PC_AGE,A,2006,80.1895608063009,
DEU,LFPR,25_64,PC_AGE,A,2007,80.7242127878612,
DEU,LFPR,25_64,PC_AGE,A,2008,80.8894957136782,
DEU,LFPR,25_64,PC_AGE,A,2009,81.4139417894359,
DEU,LFPR,25_64,PC_AGE,A,2010,81.7332105062125,
DEU,LFPR,25_64,PC_AGE,A,2011,82.2674218624596,
DEU,LFPR,25_64,PC_AGE,A,2012,82.449976043259,
DEU,LFPR,25_64,PC_AGE,A,2013,82.8131388851029,
DEU,LFPR,25_64,PC_AGE,A,2014,83.0568238325573,
DEU,LFPR,25_64,PC_AGE,A,2015,83.052099891216,
DEU,LFPR,25_64,PC_AGE,A,2016,83.3297108050149,
DEU,LFPR,25_64,PC_AGE,A,2017,83.56582060091,
DEU,LFPR,25_64,PC_AGE,A,2018,83.9550235021983,
DEU,LFPR,25_64,PC_AGE,A,2019,84.4183121653567,
DEU,LFPR,25_64,PC_AGE,A,2020,84.3635696408469,
GRC,LFPR,25_64,PC_AGE,A,1983,64.2765714735635,
GRC,LFPR,25_64,PC_AGE,A,1984,64.6987419995201,
GRC,LFPR,25_64,PC_AGE,A,1985,65.1578730135594,
GRC,LFPR,25_64,PC_AGE,A,1986,64.8907159987398,
GRC,LFPR,25_64,PC_AGE,A,1987,64.5453687091284,
GRC,LFPR,25_64,PC_AGE,A,1988,65.0956229493844,
GRC,LFPR,25_64,PC_AGE,A,1989,65.0220503426112,
GRC,LFPR,25_64,PC_AGE,A,1990,64.3189810854632,
GRC,LFPR,25_64,PC_AGE,A,1991,62.6975633846735,
GRC,LFPR,25_64,PC_AGE,A,1992,63.7155580295018,
GRC,LFPR,25_64,PC_AGE,A,1993,64.4046269995214,
GRC,LFPR,25_64,PC_AGE,A,1994,65.3796947939019,
GRC,LFPR,25_64,PC_AGE,A,1995,66.1129640982123,
GRC,LFPR,25_64,PC_AGE,A,1996,67.0925746296444,
GRC,LFPR,25_64,PC_AGE,A,1997,67.3006208794274,
GRC,LFPR,25_64,PC_AGE,A,1998,68.2577350195298,
GRC,LFPR,25_64,PC_AGE,A,1999,68.9549113430487,
GRC,LFPR,25_64,PC_AGE,A,2000,70.2458883081004,
GRC,LFPR,25_64,PC_AGE,A,2001,70.1007914047443,
GRC,LFPR,25_64,PC_AGE,A,2002,71.0624235151366,
GRC,LFPR,25_64,PC_AGE,A,2003,72.2938232407977,
GRC,LFPR,25_64,PC_AGE,A,2004,73.0897007778006,
GRC,LFPR,25_64,PC_AGE,A,2005,73.7593446801261,
GRC,LFPR,25_64,PC_AGE,A,2006,74.2184090981742,
GRC,LFPR,25_64,PC_AGE,A,2007,74.0603580105972,
GRC,LFPR,25_64,PC_AGE,A,2008,74.109593719058,
GRC,LFPR,25_64,PC_AGE,A,2009,74.6814349552138,
GRC,LFPR,25_64,PC_AGE,A,2010,75.1408646229978,
GRC,LFPR,25_64,PC_AGE,A,2011,74.4862622113957,
GRC,LFPR,25_64,PC_AGE,A,2012,74.6586470423509,
GRC,LFPR,25_64,PC_AGE,A,2013,74.7281785512355,
GRC,LFPR,25_64,PC_AGE,A,2014,74.6579584986729,
GRC,LFPR,25_64,PC_AGE,A,2015,75.4179155387757,
GRC,LFPR,25_64,PC_AGE,A,2016,76.0861446222669,
GRC,LFPR,25_64,PC_AGE,A,2017,76.0290754971164,
GRC,LFPR,25_64,PC_AGE,A,2018,76.266172060686,
GRC,LFPR,25_64,PC_AGE,A,2019,76.7911790025798,
GRC,LFPR,25_64,PC_AGE,A,2020,75.8196927856357,
HUN,LFPR,25_64,PC_AGE,A,1992,70.1251837345519,
HUN,LFPR,25_64,PC_AGE,A,1993,67.9333445143559,
HUN,LFPR,25_64,PC_AGE,A,1994,66.1020795296628,
HUN,LFPR,25_64,PC_AGE,A,1995,65.104727797486,
HUN,LFPR,25_64,PC_AGE,A,1996,64.9255009354336,
HUN,LFPR,25_64,PC_AGE,A,1997,64.051902130669,
HUN,LFPR,25_64,PC_AGE,A,1998,63.5279762780098,
HUN,LFPR,25_64,PC_AGE,A,1999,65.3061292618341,
HUN,LFPR,25_64,PC_AGE,A,2000,66.0065386243108,
HUN,LFPR,25_64,PC_AGE,A,2001,66.1148510560652,
HUN,LFPR,25_64,PC_AGE,A,2002,66.4828433721169,
HUN,LFPR,25_64,PC_AGE,A,2003,67.7790284049574,
HUN,LFPR,25_64,PC_AGE,A,2004,68.0891844335241,
HUN,LFPR,25_64,PC_AGE,A,2005,69.2250803497963,
HUN,LFPR,25_64,PC_AGE,A,2006,69.9902774180594,
HUN,LFPR,25_64,PC_AGE,A,2007,69.6397048822162,
HUN,LFPR,25_64,PC_AGE,A,2008,69.1522920309512,
HUN,LFPR,25_64,PC_AGE,A,2009,69.1976120472422,
HUN,LFPR,25_64,PC_AGE,A,2010,69.9184349077048,
HUN,LFPR,25_64,PC_AGE,A,2011,70.4824509236549,
HUN,LFPR,25_64,PC_AGE,A,2012,71.747312734681,
HUN,LFPR,25_64,PC_AGE,A,2013,72.4880433266458,
HUN,LFPR,25_64,PC_AGE,A,2014,74.6815991986156,
HUN,LFPR,25_64,PC_AGE,A,2015,76.2512755649146,
HUN,LFPR,25_64,PC_AGE,A,2016,77.6300890136617,
HUN,LFPR,25_64,PC_AGE,A,2017,78.6885730198276,
HUN,LFPR,25_64,PC_AGE,A,2018,79.5587349076533,
HUN,LFPR,25_64,PC_AGE,A,2019,80.2978608856043,
HUN,LFPR,25_64,PC_AGE,A,2020,80.6418838202008,
ISL,LFPR,25_64,PC_AGE,A,1991,89.6150778314105,
ISL,LFPR,25_64,PC_AGE,A,1992,89.9993508179694,
ISL,LFPR,25_64,PC_AGE,A,1993,90.3268202926487,
ISL,LFPR,25_64,PC_AGE,A,1994,90.7707397329621,
ISL,LFPR,25_64,PC_AGE,A,1995,91.8944406896877,
ISL,LFPR,25_64,PC_AGE,A,1996,90.953130013539,
ISL,LFPR,25_64,PC_AGE,A,1997,90.2427858689158,
ISL,LFPR,25_64,PC_AGE,A,1998,90.3569953654844,
ISL,LFPR,25_64,PC_AGE,A,1999,91.3289815862643,
ISL,LFPR,25_64,PC_AGE,A,2000,91.1516173989584,
ISL,LFPR,25_64,PC_AGE,A,2001,91.4586250224376,
ISL,LFPR,25_64,PC_AGE,A,2002,91.8026387696151,
ISL,LFPR,25_64,PC_AGE,A,2003,88.9411588697619,
ISL,LFPR,25_64,PC_AGE,A,2004,87.6389748594039,
ISL,LFPR,25_64,PC_AGE,A,2005,87.7164483666136,
ISL,LFPR,25_64,PC_AGE,A,2006,88.2750553622981,
ISL,LFPR,25_64,PC_AGE,A,2007,88.2839936106568,
ISL,LFPR,25_64,PC_AGE,A,2008,87.5619759472196,
ISL,LFPR,25_64,PC_AGE,A,2009,86.8001948488091,
ISL,LFPR,25_64,PC_AGE,A,2010,87.046310735146,
ISL,LFPR,25_64,PC_AGE,A,2011,86.5724177053259,
ISL,LFPR,25_64,PC_AGE,A,2012,86.1464390005015,
ISL,LFPR,25_64,PC_AGE,A,2013,86.8448408900324,
ISL,LFPR,25_64,PC_AGE,A,2014,87.2130347198455,
ISL,LFPR,25_64,PC_AGE,A,2015,88.3998081420084,
ISL,LFPR,25_64,PC_AGE,A,2016,88.9058935091597,
ISL,LFPR,25_64,PC_AGE,A,2017,87.9173105538972,
ISL,LFPR,25_64,PC_AGE,A,2018,86.8377497215378,
ISL,LFPR,25_64,PC_AGE,A,2019,86.9117235984428,
ISL,LFPR,25_64,PC_AGE,A,2020,86.2707946176124,
IRL,LFPR,25_64,PC_AGE,A,1961,59.3063771169273,
IRL,LFPR,25_64,PC_AGE,A,1966,59.1824985607369,
IRL,LFPR,25_64,PC_AGE,A,1971,59.4458846403111,
IRL,LFPR,25_64,PC_AGE,A,1975,59.508969291578,
IRL,LFPR,25_64,PC_AGE,A,1977,58.9963099630996,
IRL,LFPR,25_64,PC_AGE,A,1979,59.1180061768297,
IRL,LFPR,25_64,PC_AGE,A,1981,59.987397605545,
IRL,LFPR,25_64,PC_AGE,A,1983,61.521207177814,
IRL,LFPR,25_64,PC_AGE,A,1984,61.0943472138403,
IRL,LFPR,25_64,PC_AGE,A,1985,61.2946279612946,
IRL,LFPR,25_64,PC_AGE,A,1986,61.4781337232487,
IRL,LFPR,25_64,PC_AGE,A,1987,63.0059327620303,
IRL,LFPR,25_64,PC_AGE,A,1988,62.9062971961389,
IRL,LFPR,25_64,PC_AGE,A,1989,62.5930278104191,
IRL,LFPR,25_64,PC_AGE,A,1990,63.8071262587142,
IRL,LFPR,25_64,PC_AGE,A,1991,64.6508966043495,
IRL,LFPR,25_64,PC_AGE,A,1992,65.0550412809607,
IRL,LFPR,25_64,PC_AGE,A,1993,66.1619891678976,
IRL,LFPR,25_64,PC_AGE,A,1994,67.4253011246423,
IRL,LFPR,25_64,PC_AGE,A,1995,67.6240953546685,
IRL,LFPR,25_64,PC_AGE,A,1996,69.2183906700762,
IRL,LFPR,25_64,PC_AGE,A,1997,69.1624198914576,
IRL,LFPR,25_64,PC_AGE,A,1998,70.623628321527,
IRL,LFPR,25_64,PC_AGE,A,1999,71.967017596528,
IRL,LFPR,25_64,PC_AGE,A,2000,72.7752369474058,
IRL,LFPR,25_64,PC_AGE,A,2001,73.4559655987487,
IRL,LFPR,25_64,PC_AGE,A,2002,73.7292632892685,
IRL,LFPR,25_64,PC_AGE,A,2003,73.8701105006761,
IRL,LFPR,25_64,PC_AGE,A,2004,74.5634899514514,
IRL,LFPR,25_64,PC_AGE,A,2005,75.8076325878384,
IRL,LFPR,25_64,PC_AGE,A,2006,76.5489903577421,
IRL,LFPR,25_64,PC_AGE,A,2007,77.2575727507798,
IRL,LFPR,25_64,PC_AGE,A,2008,77.21794659386,
IRL,LFPR,25_64,PC_AGE,A,2009,76.3930004739378,
IRL,LFPR,25_64,PC_AGE,A,2010,75.9419634518961,
IRL,LFPR,25_64,PC_AGE,A,2011,75.8205957263606,
IRL,LFPR,25_64,PC_AGE,A,2012,75.8778615436138,
IRL,LFPR,25_64,PC_AGE,A,2013,76.7799729724071,
IRL,LFPR,25_64,PC_AGE,A,2014,77.2608797480922,
IRL,LFPR,25_64,PC_AGE,A,2015,77.6873997930901,
IRL,LFPR,25_64,PC_AGE,A,2016,77.7422404854363,
IRL,LFPR,25_64,PC_AGE,A,2017,78.6391410993662,
IRL,LFPR,25_64,PC_AGE,A,2018,79.1245140699068,
IRL,LFPR,25_64,PC_AGE,A,2019,79.0658303243908,
IRL,LFPR,25_64,PC_AGE,A,2020,78.1589484250539,
ITA,LFPR,25_64,PC_AGE,A,1970,56.8734872584741,
ITA,LFPR,25_64,PC_AGE,A,1971,56.9522870544651,
ITA,LFPR,25_64,PC_AGE,A,1972,56.4182367216881,
ITA,LFPR,25_64,PC_AGE,A,1973,56.6993332503861,
ITA,LFPR,25_64,PC_AGE,A,1974,57.4367346938776,
ITA,LFPR,25_64,PC_AGE,A,1975,57.783222830787,
ITA,LFPR,25_64,PC_AGE,A,1976,58.2728787146004,
ITA,LFPR,25_64,PC_AGE,A,1977,61.5032211882606,
ITA,LFPR,25_64,PC_AGE,A,1978,61.6823428815733,
ITA,LFPR,25_64,PC_AGE,A,1979,62.1730025201434,
ITA,LFPR,25_64,PC_AGE,A,1980,62.6029537063334,
ITA,LFPR,25_64,PC_AGE,A,1981,63.0599659767508,
ITA,LFPR,25_64,PC_AGE,A,1982,63.0068994649395,
ITA,LFPR,25_64,PC_AGE,A,1983,62.4217190833391,
ITA,LFPR,25_64,PC_AGE,A,1984,62.4043790160813,
ITA,LFPR,25_64,PC_AGE,A,1985,62.5252457250572,
ITA,LFPR,25_64,PC_AGE,A,1986,62.999597639485,
ITA,LFPR,25_64,PC_AGE,A,1987,63.5066327214257,
ITA,LFPR,25_64,PC_AGE,A,1988,63.8253362111904,
ITA,LFPR,25_64,PC_AGE,A,1989,63.9232734875386,
ITA,LFPR,25_64,PC_AGE,A,1990,64.7923471768549,
ITA,LFPR,25_64,PC_AGE,A,1991,64.690797909064,
ITA,LFPR,25_64,PC_AGE,A,1992,65.0655021834061,
ITA,LFPR,25_64,PC_AGE,A,1993,62.8835769787963,
ITA,LFPR,25_64,PC_AGE,A,1994,62.6212165736115,
ITA,LFPR,25_64,PC_AGE,A,1995,62.5327935222672,
ITA,LFPR,25_64,PC_AGE,A,1996,62.8975151281061,
ITA,LFPR,25_64,PC_AGE,A,1997,62.9847313614004,
ITA,LFPR,25_64,PC_AGE,A,1998,63.6501997590209,
ITA,LFPR,25_64,PC_AGE,A,1999,64.2465494422386,
ITA,LFPR,25_64,PC_AGE,A,2000,64.7203170384786,
ITA,LFPR,25_64,PC_AGE,A,2001,65.4877620501327,
ITA,LFPR,25_64,PC_AGE,A,2002,66.1816155298926,
ITA,LFPR,25_64,PC_AGE,A,2003,66.857931274652,
ITA,LFPR,25_64,PC_AGE,A,2004,67.7041592586114,
ITA,LFPR,25_64,PC_AGE,A,2005,67.7135938216577,
ITA,LFPR,25_64,PC_AGE,A,2006,68.1974468312566,
ITA,LFPR,25_64,PC_AGE,A,2007,68.1632197053959,
ITA,LFPR,25_64,PC_AGE,A,2008,68.7662695478031,
ITA,LFPR,25_64,PC_AGE,A,2009,68.3279193930543,
ITA,LFPR,25_64,PC_AGE,A,2010,68.1561210090494,
ITA,LFPR,25_64,PC_AGE,A,2011,68.3648529287579,
ITA,LFPR,25_64,PC_AGE,A,2012,69.8206271403806,
ITA,LFPR,25_64,PC_AGE,A,2013,69.897867589243,
ITA,LFPR,25_64,PC_AGE,A,2014,70.563431241863,
ITA,LFPR,25_64,PC_AGE,A,2015,70.826736851239,
ITA,LFPR,25_64,PC_AGE,A,2016,71.8056624055591,
ITA,LFPR,25_64,PC_AGE,A,2017,72.458879928131,
ITA,LFPR,25_64,PC_AGE,A,2018,72.7208314528327,
ITA,LFPR,25_64,PC_AGE,A,2019,72.8658257439724,
ITA,LFPR,25_64,PC_AGE,A,2020,71.3914919712649,
JPN,LFPR,25_64,PC_AGE,A,1968,74.438202247191,
JPN,LFPR,25_64,PC_AGE,A,1969,74.1548742138365,
JPN,LFPR,25_64,PC_AGE,A,1970,73.833042804571,
JPN,LFPR,25_64,PC_AGE,A,1971,73.4392952891612,
JPN,LFPR,25_64,PC_AGE,A,1972,73.2562476687803,
JPN,LFPR,25_64,PC_AGE,A,1973,73.8185085354897,
JPN,LFPR,25_64,PC_AGE,A,1974,73.1071865710789,
JPN,LFPR,25_64,PC_AGE,A,1975,72.7536727024257,
JPN,LFPR,25_64,PC_AGE,A,1976,73.1265716680637,
JPN,LFPR,25_64,PC_AGE,A,1977,73.7033366369342,
JPN,LFPR,25_64,PC_AGE,A,1978,74.1640841624531,
JPN,LFPR,25_64,PC_AGE,A,1979,74.540174249758,
JPN,LFPR,25_64,PC_AGE,A,1980,74.6087511977004,
JPN,LFPR,25_64,PC_AGE,A,1981,74.7308423052565,
JPN,LFPR,25_64,PC_AGE,A,1982,75.2237399905794,
JPN,LFPR,25_64,PC_AGE,A,1983,75.7476635514019,
JPN,LFPR,25_64,PC_AGE,A,1984,75.6406298240198,
JPN,LFPR,25_64,PC_AGE,A,1985,75.5708812260536,
JPN,LFPR,25_64,PC_AGE,A,1986,75.601583917149,
JPN,LFPR,25_64,PC_AGE,A,1987,75.867292834419,
JPN,LFPR,25_64,PC_AGE,A,1988,76.1596385542169,
JPN,LFPR,25_64,PC_AGE,A,1989,76.6731546638718,
JPN,LFPR,25_64,PC_AGE,A,1990,77.4419297200715,
JPN,LFPR,25_64,PC_AGE,A,1991,77.8817587641117,
JPN,LFPR,25_64,PC_AGE,A,1992,78.171310017783,
JPN,LFPR,25_64,PC_AGE,A,1993,78.1332940135653,
JPN,LFPR,25_64,PC_AGE,A,1994,78.0143927155236,
JPN,LFPR,25_64,PC_AGE,A,1995,78.0198888563908,
JPN,LFPR,25_64,PC_AGE,A,1996,78.3051834595224,
JPN,LFPR,25_64,PC_AGE,A,1997,78.7012987012987,
JPN,LFPR,25_64,PC_AGE,A,1998,78.5826997561326,
JPN,LFPR,25_64,PC_AGE,A,1999,78.4053630009984,
JPN,LFPR,25_64,PC_AGE,A,2000,78.3065776388692,
JPN,LFPR,25_64,PC_AGE,A,2001,78.4174702212138,
JPN,LFPR,25_64,PC_AGE,A,2002,78.1183482332908,
JPN,LFPR,25_64,PC_AGE,A,2003,78.1263307310149,
JPN,LFPR,25_64,PC_AGE,A,2004,78.047052154195,
JPN,LFPR,25_64,PC_AGE,A,2005,78.2670454545454,
JPN,LFPR,25_64,PC_AGE,A,2006,78.6641929499072,
JPN,LFPR,25_64,PC_AGE,A,2007,79.2637331032499,
JPN,LFPR,25_64,PC_AGE,A,2008,79.4270833333334,
JPN,LFPR,25_64,PC_AGE,A,2009,79.6442111402741,
JPN,LFPR,25_64,PC_AGE,A,2010,79.8243045387994,
JPN,LFPR,25_64,PC_AGE,A,2011,79.5708812260536,
JPN,LFPR,25_64,PC_AGE,A,2012,79.7678518953864,
JPN,LFPR,25_64,PC_AGE,A,2013,80.7709547288212,
JPN,LFPR,25_64,PC_AGE,A,2014,81.5309842041312,
JPN,LFPR,25_64,PC_AGE,A,2015,82.136251541307,
JPN,LFPR,25_64,PC_AGE,A,2016,82.9770635044469,
JPN,LFPR,25_64,PC_AGE,A,2017,83.8659147869674,
JPN,LFPR,25_64,PC_AGE,A,2018,84.8609355246523,
JPN,LFPR,25_64,PC_AGE,A,2019,85.4507870885674,
JPN,LFPR,25_64,PC_AGE,A,2020,85.6434852118305,
KOR,LFPR,25_64,PC_AGE,A,1980,70.8260577568838,
KOR,LFPR,25_64,PC_AGE,A,1981,70.8920187793427,
KOR,LFPR,25_64,PC_AGE,A,1982,71.238797432149,
KOR,LFPR,25_64,PC_AGE,A,1983,70.7296031550406,
KOR,LFPR,25_64,PC_AGE,A,1984,69.198944717592,
KOR,LFPR,25_64,PC_AGE,A,1985,70.1984838840345,
KOR,LFPR,25_64,PC_AGE,A,1986,70.7804299983071,
KOR,LFPR,25_64,PC_AGE,A,1987,71.9424460431654,
KOR,LFPR,25_64,PC_AGE,A,1988,72.4711975478279,
KOR,LFPR,25_64,PC_AGE,A,1989,72.4677222898904,
KOR,LFPR,25_64,PC_AGE,A,1990,72.9138819935077,
KOR,LFPR,25_64,PC_AGE,A,1991,72.8604183238969,
KOR,LFPR,25_64,PC_AGE,A,1992,72.8435088360199,
KOR,LFPR,25_64,PC_AGE,A,1993,72.8335043040007,
KOR,LFPR,25_64,PC_AGE,A,1994,73.3826730518067,
KOR,LFPR,25_64,PC_AGE,A,1995,73.7260402057036,
KOR,LFPR,25_64,PC_AGE,A,1996,74.1039501039501,
KOR,LFPR,25_64,PC_AGE,A,1997,74.6896748199096,
KOR,LFPR,25_64,PC_AGE,A,1998,72.9224127593236,
KOR,LFPR,25_64,PC_AGE,A,1999,72.5785520468756,
KOR,LFPR,25_64,PC_AGE,A,2000,72.9325925931154,
KOR,LFPR,25_64,PC_AGE,A,2001,73.03479618997,
KOR,LFPR,25_64,PC_AGE,A,2002,73.4603701722905,
KOR,LFPR,25_64,PC_AGE,A,2003,72.99602384667,
KOR,LFPR,25_64,PC_AGE,A,2004,73.5777070149697,
KOR,LFPR,25_64,PC_AGE,A,2005,73.6387649088965,
KOR,LFPR,25_64,PC_AGE,A,2006,74.0128850844743,
KOR,LFPR,25_64,PC_AGE,A,2007,74.2291703907434,
KOR,LFPR,25_64,PC_AGE,A,2008,74.2599835692683,
KOR,LFPR,25_64,PC_AGE,A,2009,73.6638433030713,
KOR,LFPR,25_64,PC_AGE,A,2010,74.0870251741122,
KOR,LFPR,25_64,PC_AGE,A,2011,74.4856089939284,
KOR,LFPR,25_64,PC_AGE,A,2012,74.703022979172,
KOR,LFPR,25_64,PC_AGE,A,2013,75.0440783436605,
KOR,LFPR,25_64,PC_AGE,A,2014,76.0856882539526,
KOR,LFPR,25_64,PC_AGE,A,2015,76.2178229614458,
KOR,LFPR,25_64,PC_AGE,A,2016,76.344856982993,
KOR,LFPR,25_64,PC_AGE,A,2017,76.7264984540743,
KOR,LFPR,25_64,PC_AGE,A,2018,76.7148980653813,
KOR,LFPR,25_64,PC_AGE,A,2019,76.556090054336,
KOR,LFPR,25_64,PC_AGE,A,2020,75.4804422773494,
LUX,LFPR,25_64,PC_AGE,A,1983,60.7046004046542,
LUX,LFPR,25_64,PC_AGE,A,1984,61.2167873870737,
LUX,LFPR,25_64,PC_AGE,A,1985,60.7215887303073,
LUX,LFPR,25_64,PC_AGE,A,1986,61.953251688503,
LUX,LFPR,25_64,PC_AGE,A,1987,63.0731836768862,
LUX,LFPR,25_64,PC_AGE,A,1988,62.0699208853681,
LUX,LFPR,25_64,PC_AGE,A,1989,62.111468641286,
LUX,LFPR,25_64,PC_AGE,A,1990,63.6144424082864,
LUX,LFPR,25_64,PC_AGE,A,1991,63.6490650194851,
LUX,LFPR,25_64,PC_AGE,A,1992,65.4588359315009,
LUX,LFPR,25_64,PC_AGE,A,1993,65.525955362229,
LUX,LFPR,25_64,PC_AGE,A,1994,65.7465787452434,
LUX,LFPR,25_64,PC_AGE,A,1995,64.382309393696,
LUX,LFPR,25_64,PC_AGE,A,1996,65.4769156537993,
LUX,LFPR,25_64,PC_AGE,A,1997,66.5324530625477,
LUX,LFPR,25_64,PC_AGE,A,1998,67.4111810934224,
LUX,LFPR,25_64,PC_AGE,A,1999,69.0422105612239,
LUX,LFPR,25_64,PC_AGE,A,2000,70.3623508999636,
LUX,LFPR,25_64,PC_AGE,A,2001,70.2182247470796,
LUX,LFPR,25_64,PC_AGE,A,2002,71.5709078798795,
LUX,LFPR,25_64,PC_AGE,A,2003,71.4730058073766,
LUX,LFPR,25_64,PC_AGE,A,2004,73.4520137366179,
LUX,LFPR,25_64,PC_AGE,A,2005,74.340590144488,
LUX,LFPR,25_64,PC_AGE,A,2006,74.7487706541053,
LUX,LFPR,25_64,PC_AGE,A,2007,75.1956857778591,
LUX,LFPR,25_64,PC_AGE,A,2008,74.5252525659707,
LUX,LFPR,25_64,PC_AGE,A,2009,76.3058924452209,
LUX,LFPR,25_64,PC_AGE,A,2010,77.1154537814339,
LUX,LFPR,25_64,PC_AGE,A,2011,76.9304168723136,
LUX,LFPR,25_64,PC_AGE,A,2012,78.2703546702156,
LUX,LFPR,25_64,PC_AGE,A,2013,78.7967543066127,
LUX,LFPR,25_64,PC_AGE,A,2014,79.4881308729687,
LUX,LFPR,25_64,PC_AGE,A,2015,78.2589163240988,
LUX,LFPR,25_64,PC_AGE,A,2016,77.9865906486064,
LUX,LFPR,25_64,PC_AGE,A,2017,78.3700592833142,
LUX,LFPR,25_64,PC_AGE,A,2018,78.746036443552,
LUX,LFPR,25_64,PC_AGE,A,2019,79.3791693612342,
LUX,LFPR,25_64,PC_AGE,A,2020,79.9422959322904,
MEX,LFPR,25_64,PC_AGE,A,1991,64.3128786807616,
MEX,LFPR,25_64,PC_AGE,A,1992,64.6732121101045,
MEX,LFPR,25_64,PC_AGE,A,1993,65.131570103634,
MEX,LFPR,25_64,PC_AGE,A,1994,65.3708734658139,
MEX,LFPR,25_64,PC_AGE,A,1995,65.3321650065901,
MEX,LFPR,25_64,PC_AGE,A,1996,65.8519584743659,
MEX,LFPR,25_64,PC_AGE,A,1997,67.8063611159815,
MEX,LFPR,25_64,PC_AGE,A,1998,67.0830492941592,
MEX,LFPR,25_64,PC_AGE,A,1999,66.5333449017579,
MEX,LFPR,25_64,PC_AGE,A,2000,66.5220543591281,
MEX,LFPR,25_64,PC_AGE,A,2001,66.1769080723274,
MEX,LFPR,25_64,PC_AGE,A,2002,66.87502166686,
MEX,LFPR,25_64,PC_AGE,A,2003,66.6735001686622,
MEX,LFPR,25_64,PC_AGE,A,2004,68.403586248941,
MEX,LFPR,25_64,PC_AGE,A,2005,68.507846013118,
MEX,LFPR,25_64,PC_AGE,A,2006,69.5276023776025,
MEX,LFPR,25_64,PC_AGE,A,2007,69.636429991486,
MEX,LFPR,25_64,PC_AGE,A,2008,69.5700938784174,
MEX,LFPR,25_64,PC_AGE,A,2009,69.996282140814,
MEX,LFPR,25_64,PC_AGE,A,2010,69.7378271855585,
MEX,LFPR,25_64,PC_AGE,A,2011,70.1139094141916,
MEX,LFPR,25_64,PC_AGE,A,2012,70.8901248115228,
MEX,LFPR,25_64,PC_AGE,A,2013,70.995126502132,
MEX,LFPR,25_64,PC_AGE,A,2014,70.4240182992912,
MEX,LFPR,25_64,PC_AGE,A,2015,70.6224402896013,
MEX,LFPR,25_64,PC_AGE,A,2016,70.7233315742435,
MEX,LFPR,25_64,PC_AGE,A,2017,70.497026784544,
MEX,LFPR,25_64,PC_AGE,A,2018,70.8337086993629,
MEX,LFPR,25_64,PC_AGE,A,2019,71.5056715552204,
MEX,LFPR,25_64,PC_AGE,A,2020,69.0496350115318,
NLD,LFPR,25_64,PC_AGE,A,1971,56.7039674658033,
NLD,LFPR,25_64,PC_AGE,A,1972,57.2185809487654,
NLD,LFPR,25_64,PC_AGE,A,1973,57.6341525497127,
NLD,LFPR,25_64,PC_AGE,A,1974,57.9606948414721,
NLD,LFPR,25_64,PC_AGE,A,1975,58.1268677989693,
NLD,LFPR,25_64,PC_AGE,A,1976,58.4892069851431,
NLD,LFPR,25_64,PC_AGE,A,1977,58.7097751941075,
NLD,LFPR,25_64,PC_AGE,A,1978,58.8209006416372,
NLD,LFPR,25_64,PC_AGE,A,1979,59.2575175359376,
NLD,LFPR,25_64,PC_AGE,A,1980,60.2212500908464,
NLD,LFPR,25_64,PC_AGE,A,1981,60.0798978715817,
NLD,LFPR,25_64,PC_AGE,A,1982,60.5971500233392,
NLD,LFPR,25_64,PC_AGE,A,1983,61.3782976864497,
NLD,LFPR,25_64,PC_AGE,A,1984,61.2128588948098,
NLD,LFPR,25_64,PC_AGE,A,1985,61.1673526060306,
NLD,LFPR,25_64,PC_AGE,A,1986,61.1431089905385,
NLD,LFPR,25_64,PC_AGE,A,1987,65.8968639286183,
NLD,LFPR,25_64,PC_AGE,A,1988,66.9683257918552,
NLD,LFPR,25_64,PC_AGE,A,1989,67.3211781206171,
NLD,LFPR,25_64,PC_AGE,A,1990,68.3092394720302,
NLD,LFPR,25_64,PC_AGE,A,1991,69.1280148423006,
NLD,LFPR,25_64,PC_AGE,A,1992,69.041769041769,
NLD,LFPR,25_64,PC_AGE,A,1993,69.7072344543915,
NLD,LFPR,25_64,PC_AGE,A,1994,70.3500179190061,
NLD,LFPR,25_64,PC_AGE,A,1995,71.4235210935659,
NLD,LFPR,25_64,PC_AGE,A,1996,71.5932914046122,
NLD,LFPR,25_64,PC_AGE,A,1997,72.8292288125795,
NLD,LFPR,25_64,PC_AGE,A,1998,73.7258046042836,
NLD,LFPR,25_64,PC_AGE,A,1999,74.0879645414252,
NLD,LFPR,25_64,PC_AGE,A,2000,75.0875211744777,
NLD,LFPR,25_64,PC_AGE,A,2001,74.6297127468582,
NLD,LFPR,25_64,PC_AGE,A,2002,75.7315166406076,
NLD,LFPR,25_64,PC_AGE,A,2003,75.5262019642662,
NLD,LFPR,25_64,PC_AGE,A,2004,76.1669216985307,
NLD,LFPR,25_64,PC_AGE,A,2005,76.8774005920138,
NLD,LFPR,25_64,PC_AGE,A,2006,77.3337534459528,
NLD,LFPR,25_64,PC_AGE,A,2007,78.3751512934406,
NLD,LFPR,25_64,PC_AGE,A,2008,79.6185347429564,
NLD,LFPR,25_64,PC_AGE,A,2009,80.0444057100981,
NLD,LFPR,25_64,PC_AGE,A,2010,80.0496716542996,
NLD,LFPR,25_64,PC_AGE,A,2011,80.2968958903444,
NLD,LFPR,25_64,PC_AGE,A,2012,81.2111386579764,
NLD,LFPR,25_64,PC_AGE,A,2013,81.6939423724155,
NLD,LFPR,25_64,PC_AGE,A,2014,81.6942899437384,
NLD,LFPR,25_64,PC_AGE,A,2015,82.189204771319,
NLD,LFPR,25_64,PC_AGE,A,2016,82.324869455522,
NLD,LFPR,25_64,PC_AGE,A,2017,82.3796147896152,
NLD,LFPR,25_64,PC_AGE,A,2018,82.9170491670924,
NLD,LFPR,25_64,PC_AGE,A,2019,83.4568686477907,
NLD,LFPR,25_64,PC_AGE,A,2020,83.7795756210789,
NZL,LFPR,25_64,PC_AGE,A,1986,75.654959661931,
NZL,LFPR,25_64,PC_AGE,A,1987,75.8042578144835,
NZL,LFPR,25_64,PC_AGE,A,1988,75.0885332451299,
NZL,LFPR,25_64,PC_AGE,A,1989,74.1812687310928,
NZL,LFPR,25_64,PC_AGE,A,1990,74.509104395961,
NZL,LFPR,25_64,PC_AGE,A,1991,75.0307199401464,
NZL,LFPR,25_64,PC_AGE,A,1992,75.160007209106,
NZL,LFPR,25_64,PC_AGE,A,1993,75.4367069053009,
NZL,LFPR,25_64,PC_AGE,A,1994,76.1094447965696,
NZL,LFPR,25_64,PC_AGE,A,1995,76.7597586278385,
NZL,LFPR,25_64,PC_AGE,A,1996,77.8841564436212,
NZL,LFPR,25_64,PC_AGE,A,1997,77.7771992160002,
NZL,LFPR,25_64,PC_AGE,A,1998,77.6580463906514,
NZL,LFPR,25_64,PC_AGE,A,1999,78.0739171282131,
NZL,LFPR,25_64,PC_AGE,A,2000,78.2479628594649,
NZL,LFPR,25_64,PC_AGE,A,2001,78.8792884907388,
NZL,LFPR,25_64,PC_AGE,A,2002,79.5618649898696,
NZL,LFPR,25_64,PC_AGE,A,2003,79.4887845536669,
NZL,LFPR,25_64,PC_AGE,A,2004,80.1665413364323,
NZL,LFPR,25_64,PC_AGE,A,2005,81.3016484610675,
NZL,LFPR,25_64,PC_AGE,A,2006,81.5185314604214,
NZL,LFPR,25_64,PC_AGE,A,2007,81.7816717002495,
NZL,LFPR,25_64,PC_AGE,A,2008,81.9669907349033,
NZL,LFPR,25_64,PC_AGE,A,2009,82.1298912019987,
NZL,LFPR,25_64,PC_AGE,A,2010,82.2417858764231,
NZL,LFPR,25_64,PC_AGE,A,2011,82.7130957771852,
NZL,LFPR,25_64,PC_AGE,A,2012,82.5950203284799,
NZL,LFPR,25_64,PC_AGE,A,2013,82.8085026823224,
NZL,LFPR,25_64,PC_AGE,A,2014,83.7254722160778,
NZL,LFPR,25_64,PC_AGE,A,2015,83.4380030251621,
NZL,LFPR,25_64,PC_AGE,A,2016,84.6401189828576,
NZL,LFPR,25_64,PC_AGE,A,2017,85.6162735929821,
NZL,LFPR,25_64,PC_AGE,A,2018,85.6359002469454,
NZL,LFPR,25_64,PC_AGE,A,2019,85.3057608780483,
NZL,LFPR,25_64,PC_AGE,A,2020,85.031740003338,
NOR,LFPR,25_64,PC_AGE,A,1972,70.6135629709365,
NOR,LFPR,25_64,PC_AGE,A,1973,70.9539121114684,
NOR,LFPR,25_64,PC_AGE,A,1974,70.6850770047796,
NOR,LFPR,25_64,PC_AGE,A,1975,71.3106295149639,
NOR,LFPR,25_64,PC_AGE,A,1976,73.305954825462,
NOR,LFPR,25_64,PC_AGE,A,1977,74.4637385086823,
NOR,LFPR,25_64,PC_AGE,A,1978,75.2024291497976,
NOR,LFPR,25_64,PC_AGE,A,1979,76.1952692501258,
NOR,LFPR,25_64,PC_AGE,A,1980,77.2565017848036,
NOR,LFPR,25_64,PC_AGE,A,1981,78.2388663967611,
NOR,LFPR,25_64,PC_AGE,A,1982,78.3932135728543,
NOR,LFPR,25_64,PC_AGE,A,1983,80.3345159655347,
NOR,LFPR,25_64,PC_AGE,A,1984,81.0987903225806,
NOR,LFPR,25_64,PC_AGE,A,1985,81.72740888667,
NOR,LFPR,25_64,PC_AGE,A,1986,82.531017369727,
NOR,LFPR,25_64,PC_AGE,A,1987,83.4313725490196,
NOR,LFPR,25_64,PC_AGE,A,1988,82.6318335752298,
NOR,LFPR,25_64,PC_AGE,A,1989,82.0795400095831,
NOR,LFPR,25_64,PC_AGE,A,1990,81.8181818181818,
NOR,LFPR,25_64,PC_AGE,A,1991,81.437969924812,
NOR,LFPR,25_64,PC_AGE,A,1992,81.3630041724618,
NOR,LFPR,25_64,PC_AGE,A,1993,81.1095827602017,
NOR,LFPR,25_64,PC_AGE,A,1994,81.5217391304348,
NOR,LFPR,25_64,PC_AGE,A,1995,82.4185631414547,
NOR,LFPR,25_64,PC_AGE,A,1996,83.5906484340538,
NOR,LFPR,25_64,PC_AGE,A,1997,84.2770034843206,
NOR,LFPR,25_64,PC_AGE,A,1998,84.5591397849462,
NOR,LFPR,25_64,PC_AGE,A,1999,84.125636672326,
NOR,LFPR,25_64,PC_AGE,A,2000,83.524028607941,
NOR,LFPR,25_64,PC_AGE,A,2001,83.5147660606366,
NOR,LFPR,25_64,PC_AGE,A,2002,83.1863821063782,
NOR,LFPR,25_64,PC_AGE,A,2003,82.1985781791864,
NOR,LFPR,25_64,PC_AGE,A,2004,82.0343140196341,
NOR,LFPR,25_64,PC_AGE,A,2005,82.1418889419008,
NOR,LFPR,25_64,PC_AGE,A,2006,82.7762721499515,
NOR,LFPR,25_64,PC_AGE,A,2007,83.4318501480666,
NOR,LFPR,25_64,PC_AGE,A,2008,84.2648427961126,
NOR,LFPR,25_64,PC_AGE,A,2009,83.8761835407126,
NOR,LFPR,25_64,PC_AGE,A,2010,83.2769147870564,
NOR,LFPR,25_64,PC_AGE,A,2011,83.2783788069413,
NOR,LFPR,25_64,PC_AGE,A,2012,83.4838185631769,
NOR,LFPR,25_64,PC_AGE,A,2013,83.3417086182844,
NOR,LFPR,25_64,PC_AGE,A,2014,83.7498776549365,
NOR,LFPR,25_64,PC_AGE,A,2015,83.620396896148,
NOR,LFPR,25_64,PC_AGE,A,2016,83.6390393077232,
NOR,LFPR,25_64,PC_AGE,A,2017,82.8708562718209,
NOR,LFPR,25_64,PC_AGE,A,2018,83.3498459813843,
NOR,LFPR,25_64,PC_AGE,A,2019,83.5162893906705,
NOR,LFPR,25_64,PC_AGE,A,2020,83.3536904419677,
POL,LFPR,25_64,PC_AGE,A,1992,75.7901928431474,
POL,LFPR,25_64,PC_AGE,A,1993,75.8931006272157,
POL,LFPR,25_64,PC_AGE,A,1994,75.4848023723126,
POL,LFPR,25_64,PC_AGE,A,1995,74.9349152278938,
POL,LFPR,25_64,PC_AGE,A,1996,74.6638628961974,
POL,LFPR,25_64,PC_AGE,A,1997,74.4319186686673,
POL,LFPR,25_64,PC_AGE,A,1998,74.458214466862,
POL,LFPR,25_64,PC_AGE,A,1999,74.5481167323034,
POL,LFPR,25_64,PC_AGE,A,2000,73.9145710987301,
POL,LFPR,25_64,PC_AGE,A,2001,73.8301473516527,
POL,LFPR,25_64,PC_AGE,A,2002,73.1073072766837,
POL,LFPR,25_64,PC_AGE,A,2003,72.8172235481305,
POL,LFPR,25_64,PC_AGE,A,2004,72.7857452425042,
POL,LFPR,25_64,PC_AGE,A,2005,73.0824785532339,
POL,LFPR,25_64,PC_AGE,A,2006,71.6438509819604,
POL,LFPR,25_64,PC_AGE,A,2007,71.3856441919656,
POL,LFPR,25_64,PC_AGE,A,2008,71.7915534273759,
POL,LFPR,25_64,PC_AGE,A,2009,72.3154028907041,
POL,LFPR,25_64,PC_AGE,A,2010,72.7466687169334,
POL,LFPR,25_64,PC_AGE,A,2011,73.1598718584341,
POL,LFPR,25_64,PC_AGE,A,2012,73.775595566287,
POL,LFPR,25_64,PC_AGE,A,2013,74.1742499550876,
POL,LFPR,25_64,PC_AGE,A,2014,74.8217345986687,
POL,LFPR,25_64,PC_AGE,A,2015,75.1514519092693,
POL,LFPR,25_64,PC_AGE,A,2016,75.4558311631258,
POL,LFPR,25_64,PC_AGE,A,2017,76.0716652909253,
POL,LFPR,25_64,PC_AGE,A,2018,76.4672108540316,
POL,LFPR,25_64,PC_AGE,A,2019,76.7971310517514,
POL,LFPR,25_64,PC_AGE,A,2020,77.7307473171836,
PRT,LFPR,25_64,PC_AGE,A,1974,66.5253250081543,
PRT,LFPR,25_64,PC_AGE,A,1975,65.9335624284078,
PRT,LFPR,25_64,PC_AGE,A,1976,66.6718935507717,
PRT,LFPR,25_64,PC_AGE,A,1977,67.575329150835,
PRT,LFPR,25_64,PC_AGE,A,1978,67.5158536852961,
PRT,LFPR,25_64,PC_AGE,A,1979,68.7931974272321,
PRT,LFPR,25_64,PC_AGE,A,1980,68.9243895007182,
PRT,LFPR,25_64,PC_AGE,A,1981,69.4412969580755,
PRT,LFPR,25_64,PC_AGE,A,1982,69.0945822652822,
PRT,LFPR,25_64,PC_AGE,A,1983,71.4237201799813,
PRT,LFPR,25_64,PC_AGE,A,1984,70.510957994355,
PRT,LFPR,25_64,PC_AGE,A,1985,69.7672522724494,
PRT,LFPR,25_64,PC_AGE,A,1986,69.6928754360846,
PRT,LFPR,25_64,PC_AGE,A,1987,70.074632854506,
PRT,LFPR,25_64,PC_AGE,A,1988,70.9275477707006,
PRT,LFPR,25_64,PC_AGE,A,1989,71.8798560160506,
PRT,LFPR,25_64,PC_AGE,A,1990,72.7300940742896,
PRT,LFPR,25_64,PC_AGE,A,1991,74.845136127256,
PRT,LFPR,25_64,PC_AGE,A,1992,73.9986556482543,
PRT,LFPR,25_64,PC_AGE,A,1993,74.4131362630414,
PRT,LFPR,25_64,PC_AGE,A,1994,74.8310910052288,
PRT,LFPR,25_64,PC_AGE,A,1995,74.8217555616161,
PRT,LFPR,25_64,PC_AGE,A,1996,75.0004876621476,
PRT,LFPR,25_64,PC_AGE,A,1997,75.5041206382606,
PRT,LFPR,25_64,PC_AGE,A,1998,77.1471571044085,
PRT,LFPR,25_64,PC_AGE,A,1999,77.5111534259323,
PRT,LFPR,25_64,PC_AGE,A,2000,78.192785758145,
PRT,LFPR,25_64,PC_AGE,A,2001,78.5131291751042,
PRT,LFPR,25_64,PC_AGE,A,2002,78.9126718094754,
PRT,LFPR,25_64,PC_AGE,A,2003,79.465358841332,
PRT,LFPR,25_64,PC_AGE,A,2004,79.5794682111418,
PRT,LFPR,25_64,PC_AGE,A,2005,80.1657360164086,
PRT,LFPR,25_64,PC_AGE,A,2006,80.5470858759538,
PRT,LFPR,25_64,PC_AGE,A,2007,80.7158826694413,
PRT,LFPR,25_64,PC_AGE,A,2008,80.727659496192,
PRT,LFPR,25_64,PC_AGE,A,2009,80.4073679791951,
PRT,LFPR,25_64,PC_AGE,A,2010,81.100102566483,
PRT,LFPR,25_64,PC_AGE,A,2011,80.5937405753922,
PRT,LFPR,25_64,PC_AGE,A,2012,80.48902352171,
PRT,LFPR,25_64,PC_AGE,A,2013,80.4093223768476,
PRT,LFPR,25_64,PC_AGE,A,2014,80.7729466756185,
PRT,LFPR,25_64,PC_AGE,A,2015,81.1891718289996,
PRT,LFPR,25_64,PC_AGE,A,2016,81.6803837930429,
PRT,LFPR,25_64,PC_AGE,A,2017,82.6450142014435,
PRT,LFPR,25_64,PC_AGE,A,2018,83.1915009666243,
PRT,LFPR,25_64,PC_AGE,A,2019,83.6733947948769,
PRT,LFPR,25_64,PC_AGE,A,2020,83.0554949005669,
SVK,LFPR,25_64,PC_AGE,A,1994,76.60663507109,
SVK,LFPR,25_64,PC_AGE,A,1995,77.0685045004331,
SVK,LFPR,25_64,PC_AGE,A,1996,77.6464427321014,
SVK,LFPR,25_64,PC_AGE,A,1997,76.8471443945523,
SVK,LFPR,25_64,PC_AGE,A,1998,76.7507723995881,
SVK,LFPR,25_64,PC_AGE,A,1999,76.9761948028349,
SVK,LFPR,25_64,PC_AGE,A,2000,77.6117263376698,
SVK,LFPR,25_64,PC_AGE,A,2001,78.3011201017632,
SVK,LFPR,25_64,PC_AGE,A,2002,78.3197257272117,
SVK,LFPR,25_64,PC_AGE,A,2003,79.2790245626436,
SVK,LFPR,25_64,PC_AGE,A,2004,78.8661211579454,
SVK,LFPR,25_64,PC_AGE,A,2005,78.4699861031081,
SVK,LFPR,25_64,PC_AGE,A,2006,78.0774987527025,
SVK,LFPR,25_64,PC_AGE,A,2007,77.6798012792763,
SVK,LFPR,25_64,PC_AGE,A,2008,78.8606288588134,
SVK,LFPR,25_64,PC_AGE,A,2009,78.1839155761838,
SVK,LFPR,25_64,PC_AGE,A,2010,78.1977798662316,
SVK,LFPR,25_64,PC_AGE,A,2011,77.9919449954418,
SVK,LFPR,25_64,PC_AGE,A,2012,78.411373842147,
SVK,LFPR,25_64,PC_AGE,A,2013,78.5448487688846,
SVK,LFPR,25_64,PC_AGE,A,2014,78.7008755157838,
SVK,LFPR,25_64,PC_AGE,A,2015,79.0418373467367,
SVK,LFPR,25_64,PC_AGE,A,2016,79.7361907877223,
SVK,LFPR,25_64,PC_AGE,A,2017,79.5899628869919,
SVK,LFPR,25_64,PC_AGE,A,2018,79.8137835283434,
SVK,LFPR,25_64,PC_AGE,A,2019,80.391553703486,
SVK,LFPR,25_64,PC_AGE,A,2020,80.2758781859711,
ESP,LFPR,25_64,PC_AGE,A,1972,57.9982971690435,
ESP,LFPR,25_64,PC_AGE,A,1973,59.2354903767149,
ESP,LFPR,25_64,PC_AGE,A,1974,59.5950076571578,
ESP,LFPR,25_64,PC_AGE,A,1975,58.9858277834752,
ESP,LFPR,25_64,PC_AGE,A,1976,59.9805952003066,
ESP,LFPR,25_64,PC_AGE,A,1977,59.7848296568116,
ESP,LFPR,25_64,PC_AGE,A,1978,59.7567821498425,
ESP,LFPR,25_64,PC_AGE,A,1979,59.6919472913616,
ESP,LFPR,25_64,PC_AGE,A,1980,59.4607749404628,
ESP,LFPR,25_64,PC_AGE,A,1981,59.1591316448013,
ESP,LFPR,25_64,PC_AGE,A,1982,59.4880072494549,
ESP,LFPR,25_64,PC_AGE,A,1983,59.806051376229,
ESP,LFPR,25_64,PC_AGE,A,1984,59.6758759921458,
ESP,LFPR,25_64,PC_AGE,A,1985,59.8517417881666,
ESP,LFPR,25_64,PC_AGE,A,1986,60.1556584384397,
ESP,LFPR,25_64,PC_AGE,A,1987,61.4107750765564,
ESP,LFPR,25_64,PC_AGE,A,1988,62.3191309850243,
ESP,LFPR,25_64,PC_AGE,A,1989,62.9252321343851,
ESP,LFPR,25_64,PC_AGE,A,1990,63.8244072293152,
ESP,LFPR,25_64,PC_AGE,A,1991,64.4892293455349,
ESP,LFPR,25_64,PC_AGE,A,1992,64.8231317832619,
ESP,LFPR,25_64,PC_AGE,A,1993,65.5745580322829,
ESP,LFPR,25_64,PC_AGE,A,1994,66.228727537031,
ESP,LFPR,25_64,PC_AGE,A,1995,66.7962273517002,
ESP,LFPR,25_64,PC_AGE,A,1996,67.8077918760531,
ESP,LFPR,25_64,PC_AGE,A,1997,68.6307978097433,
ESP,LFPR,25_64,PC_AGE,A,1998,69.2031807386467,
ESP,LFPR,25_64,PC_AGE,A,1999,69.7119306432948,
ESP,LFPR,25_64,PC_AGE,A,2000,71.153093551994,
ESP,LFPR,25_64,PC_AGE,A,2001,70.1816370184836,
ESP,LFPR,25_64,PC_AGE,A,2002,72.1158916931108,
ESP,LFPR,25_64,PC_AGE,A,2003,73.4361694233652,
ESP,LFPR,25_64,PC_AGE,A,2004,74.1617968313599,
ESP,LFPR,25_64,PC_AGE,A,2005,74.7200760600338,
ESP,LFPR,25_64,PC_AGE,A,2006,75.7556258162298,
ESP,LFPR,25_64,PC_AGE,A,2007,76.4800181513112,
ESP,LFPR,25_64,PC_AGE,A,2008,77.5374090574685,
ESP,LFPR,25_64,PC_AGE,A,2009,78.3290476835051,
ESP,LFPR,25_64,PC_AGE,A,2010,79.1263849944591,
ESP,LFPR,25_64,PC_AGE,A,2011,79.7481704622485,
ESP,LFPR,25_64,PC_AGE,A,2012,80.3809697871294,
ESP,LFPR,25_64,PC_AGE,A,2013,80.530500964002,
ESP,LFPR,25_64,PC_AGE,A,2014,80.7495851359066,
ESP,LFPR,25_64,PC_AGE,A,2015,81.0706770783769,
ESP,LFPR,25_64,PC_AGE,A,2016,81.249519839535,
ESP,LFPR,25_64,PC_AGE,A,2017,80.893144062527,
ESP,LFPR,25_64,PC_AGE,A,2018,80.8341538441645,
ESP,LFPR,25_64,PC_AGE,A,2019,81.0298691643868,
ESP,LFPR,25_64,PC_AGE,A,2020,79.9433415490231,
SWE,LFPR,25_64,PC_AGE,A,1963,73.6624457401176,
SWE,LFPR,25_64,PC_AGE,A,1964,73.1779845676639,
SWE,LFPR,25_64,PC_AGE,A,1965,73.1605714431751,
SWE,LFPR,25_64,PC_AGE,A,1966,74.0780304186378,
SWE,LFPR,25_64,PC_AGE,A,1967,74.2247914606628,
SWE,LFPR,25_64,PC_AGE,A,1968,74.6999798305768,
SWE,LFPR,25_64,PC_AGE,A,1969,75.2186516067769,
SWE,LFPR,25_64,PC_AGE,A,1970,76.0870101363849,
SWE,LFPR,25_64,PC_AGE,A,1971,76.8792627178722,
SWE,LFPR,25_64,PC_AGE,A,1972,77.1241195044936,
SWE,LFPR,25_64,PC_AGE,A,1973,77.6168914501562,
SWE,LFPR,25_64,PC_AGE,A,1974,78.749849161337,
SWE,LFPR,25_64,PC_AGE,A,1975,80.3341747806227,
SWE,LFPR,25_64,PC_AGE,A,1976,81.3450433108758,
SWE,LFPR,25_64,PC_AGE,A,1977,81.6682600382409,
SWE,LFPR,25_64,PC_AGE,A,1978,82.4481525625745,
SWE,LFPR,25_64,PC_AGE,A,1979,83.3214370687604,
SWE,LFPR,25_64,PC_AGE,A,1980,84.031339031339,
SWE,LFPR,25_64,PC_AGE,A,1981,84.8209627697415,
SWE,LFPR,25_64,PC_AGE,A,1982,85.407196969697,
SWE,LFPR,25_64,PC_AGE,A,1983,85.9612201466068,
SWE,LFPR,25_64,PC_AGE,A,1984,86.2741859367626,
SWE,LFPR,25_64,PC_AGE,A,1985,86.7871485943775,
SWE,LFPR,25_64,PC_AGE,A,1986,87.4408703878902,
SWE,LFPR,25_64,PC_AGE,A,1987,87.4557051736357,
SWE,LFPR,25_64,PC_AGE,A,1988,87.614571092832,
SWE,LFPR,25_64,PC_AGE,A,1989,87.8787878787879,
SWE,LFPR,25_64,PC_AGE,A,1990,88.4429065743945,
SWE,LFPR,25_64,PC_AGE,A,1991,88.0365296803653,
SWE,LFPR,25_64,PC_AGE,A,1992,87.0194482134781,
SWE,LFPR,25_64,PC_AGE,A,1993,85.9389038634322,
SWE,LFPR,25_64,PC_AGE,A,1994,84.9010451412052,
SWE,LFPR,25_64,PC_AGE,A,1995,85.351864107655,
SWE,LFPR,25_64,PC_AGE,A,1996,85.6171892128919,
SWE,LFPR,25_64,PC_AGE,A,1997,84.6153846153846,
SWE,LFPR,25_64,PC_AGE,A,1998,83.8709677419355,
SWE,LFPR,25_64,PC_AGE,A,1999,83.9604386153515,
SWE,LFPR,25_64,PC_AGE,A,2000,84.0913944052958,
SWE,LFPR,25_64,PC_AGE,A,2001,84.1680814940577,
SWE,LFPR,25_64,PC_AGE,A,2002,84.1460840194216,
SWE,LFPR,25_64,PC_AGE,A,2003,84.1319882303489,
SWE,LFPR,25_64,PC_AGE,A,2004,84.1549295774648,
SWE,LFPR,25_64,PC_AGE,A,2005,85.3266205686352,
SWE,LFPR,25_64,PC_AGE,A,2006,85.269675060251,
SWE,LFPR,25_64,PC_AGE,A,2007,85.7154693843732,
SWE,LFPR,25_64,PC_AGE,A,2008,85.9928931493265,
SWE,LFPR,25_64,PC_AGE,A,2009,86.0114929967773,
SWE,LFPR,25_64,PC_AGE,A,2010,86.1433629776021,
SWE,LFPR,25_64,PC_AGE,A,2011,86.8637886041876,
SWE,LFPR,25_64,PC_AGE,A,2012,87.3554024120108,
SWE,LFPR,25_64,PC_AGE,A,2013,87.7606444769606,
SWE,LFPR,25_64,PC_AGE,A,2014,87.9056938912407,
SWE,LFPR,25_64,PC_AGE,A,2015,88.1200443127303,
SWE,LFPR,25_64,PC_AGE,A,2016,88.3781315845646,
SWE,LFPR,25_64,PC_AGE,A,2017,88.8305752574484,
SWE,LFPR,25_64,PC_AGE,A,2018,89.1387280421102,
SWE,LFPR,25_64,PC_AGE,A,2019,89.0663420692322,
SWE,LFPR,25_64,PC_AGE,A,2020,89.2045239626281,
CHE,LFPR,25_64,PC_AGE,A,1991,81.677773097955,
CHE,LFPR,25_64,PC_AGE,A,1992,82.5588225409401,
CHE,LFPR,25_64,PC_AGE,A,1993,82.2346266644012,
CHE,LFPR,25_64,PC_AGE,A,1994,81.7675346033355,
CHE,LFPR,25_64,PC_AGE,A,1995,82.2997644337626,
CHE,LFPR,25_64,PC_AGE,A,1996,82.8968429809901,
CHE,LFPR,25_64,PC_AGE,A,1997,83.0594366880362,
CHE,LFPR,25_64,PC_AGE,A,1998,83.8698854213265,
CHE,LFPR,25_64,PC_AGE,A,1999,83.4621954830154,
CHE,LFPR,25_64,PC_AGE,A,2000,83.0478354884054,
CHE,LFPR,25_64,PC_AGE,A,2001,83.9864098823388,
CHE,LFPR,25_64,PC_AGE,A,2002,83.8168739898264,
CHE,LFPR,25_64,PC_AGE,A,2003,83.8378873744154,
CHE,LFPR,25_64,PC_AGE,A,2004,83.8772199138589,
CHE,LFPR,25_64,PC_AGE,A,2005,84.0475004911451,
CHE,LFPR,25_64,PC_AGE,A,2006,83.9064356792338,
CHE,LFPR,25_64,PC_AGE,A,2007,84.635087164335,
CHE,LFPR,25_64,PC_AGE,A,2008,85.5376290384927,
CHE,LFPR,25_64,PC_AGE,A,2009,85.7235198618962,
CHE,LFPR,25_64,PC_AGE,A,2010,84.0939628219881,
CHE,LFPR,25_64,PC_AGE,A,2011,84.8963283872603,
CHE,LFPR,25_64,PC_AGE,A,2012,85.3663562457663,
CHE,LFPR,25_64,PC_AGE,A,2013,85.3819977131444,
CHE,LFPR,25_64,PC_AGE,A,2014,85.9441923842755,
CHE,LFPR,25_64,PC_AGE,A,2015,86.4653720944914,
CHE,LFPR,25_64,PC_AGE,A,2016,86.9453811984934,
CHE,LFPR,25_64,PC_AGE,A,2017,86.9089938083894,
CHE,LFPR,25_64,PC_AGE,A,2018,87.287477746116,
CHE,LFPR,25_64,PC_AGE,A,2019,87.6315217410659,
CHE,LFPR,25_64,PC_AGE,A,2020,87.6407902577184,
TUR,LFPR,25_64,PC_AGE,A,1988,61.9589124432589,
TUR,LFPR,25_64,PC_AGE,A,1989,63.2008387273224,
TUR,LFPR,25_64,PC_AGE,A,1990,61.4841605298706,
TUR,LFPR,25_64,PC_AGE,A,1991,62.2248855959904,
TUR,LFPR,25_64,PC_AGE,A,1992,61.7068111586166,
TUR,LFPR,25_64,PC_AGE,A,1993,58.3576988016308,
TUR,LFPR,25_64,PC_AGE,A,1994,60.549687950072,
TUR,LFPR,25_64,PC_AGE,A,1995,60.7543362694502,
TUR,LFPR,25_64,PC_AGE,A,1996,60.0527207682169,
TUR,LFPR,25_64,PC_AGE,A,1997,58.9792267533131,
TUR,LFPR,25_64,PC_AGE,A,1998,59.4925944298774,
TUR,LFPR,25_64,PC_AGE,A,1999,58.8791148374682,
TUR,LFPR,25_64,PC_AGE,A,2000,56.6031427616182,
TUR,LFPR,25_64,PC_AGE,A,2001,56.5035373531512,
TUR,LFPR,25_64,PC_AGE,A,2002,56.7796877464122,
TUR,LFPR,25_64,PC_AGE,A,2003,55.8688182599092,
TUR,LFPR,25_64,PC_AGE,A,2004,54.1358439811701,
TUR,LFPR,25_64,PC_AGE,A,2005,54.2813503319722,
TUR,LFPR,25_64,PC_AGE,A,2006,54.1646415552855,
TUR,LFPR,25_64,PC_AGE,A,2007,54.0012452930886,
TUR,LFPR,25_64,PC_AGE,A,2008,54.7168716639592,
TUR,LFPR,25_64,PC_AGE,A,2009,55.8967815114136,
TUR,LFPR,25_64,PC_AGE,A,2010,57.2817962041848,
TUR,LFPR,25_64,PC_AGE,A,2011,58.3622371558639,
TUR,LFPR,25_64,PC_AGE,A,2012,58.8008452192287,
TUR,LFPR,25_64,PC_AGE,A,2013,59.5641709153964,
TUR,LFPR,25_64,PC_AGE,A,2014,59.3748407805574,
TUR,LFPR,25_64,PC_AGE,A,2015,60.2624368417084,
TUR,LFPR,25_64,PC_AGE,A,2016,61.2464112464112,
TUR,LFPR,25_64,PC_AGE,A,2017,62.2165148284551,
TUR,LFPR,25_64,PC_AGE,A,2018,62.6230056367632,
TUR,LFPR,25_64,PC_AGE,A,2019,62.3461294042884,
TUR,LFPR,25_64,PC_AGE,A,2020,59.167799571993,
GBR,LFPR,25_64,PC_AGE,A,1984,74.5701877325756,
GBR,LFPR,25_64,PC_AGE,A,1985,74.846143879443,
GBR,LFPR,25_64,PC_AGE,A,1986,75.0781634423366,
GBR,LFPR,25_64,PC_AGE,A,1987,75.6242952105574,
GBR,LFPR,25_64,PC_AGE,A,1988,76.4530473483555,
GBR,LFPR,25_64,PC_AGE,A,1989,77.1995439292645,
GBR,LFPR,25_64,PC_AGE,A,1990,77.7474068896826,
GBR,LFPR,25_64,PC_AGE,A,1991,77.521633783316,
GBR,LFPR,25_64,PC_AGE,A,1992,77.4381468028237,
GBR,LFPR,25_64,PC_AGE,A,1993,77.3065552044041,
GBR,LFPR,25_64,PC_AGE,A,1994,77.3456457266109,
GBR,LFPR,25_64,PC_AGE,A,1995,77.1199197190166,
GBR,LFPR,25_64,PC_AGE,A,1996,77.0852702882189,
GBR,LFPR,25_64,PC_AGE,A,1997,77.3583274962206,
GBR,LFPR,25_64,PC_AGE,A,1998,76.9555582456891,
GBR,LFPR,25_64,PC_AGE,A,1999,77.6047556081961,
GBR,LFPR,25_64,PC_AGE,A,2000,77.8282039033259,
GBR,LFPR,25_64,PC_AGE,A,2001,77.7267005466038,
GBR,LFPR,25_64,PC_AGE,A,2002,77.9572934507227,
GBR,LFPR,25_64,PC_AGE,A,2003,78.2709863676604,
GBR,LFPR,25_64,PC_AGE,A,2004,77.9160269210854,
GBR,LFPR,25_64,PC_AGE,A,2005,78.2509798057041,
GBR,LFPR,25_64,PC_AGE,A,2006,78.6428795861926,
GBR,LFPR,25_64,PC_AGE,A,2007,78.6220116370713,
GBR,LFPR,25_64,PC_AGE,A,2008,78.907775706141,
GBR,LFPR,25_64,PC_AGE,A,2009,79.1556366023885,
GBR,LFPR,25_64,PC_AGE,A,2010,79.0629305318004,
GBR,LFPR,25_64,PC_AGE,A,2011,79.017640735511,
GBR,LFPR,25_64,PC_AGE,A,2012,79.784853193785,
GBR,LFPR,25_64,PC_AGE,A,2013,80.4048197570124,
GBR,LFPR,25_64,PC_AGE,A,2014,80.7135374443973,
GBR,LFPR,25_64,PC_AGE,A,2015,80.9095358409089,
GBR,LFPR,25_64,PC_AGE,A,2016,81.1312303416912,
GBR,LFPR,25_64,PC_AGE,A,2017,81.71102427493,
GBR,LFPR,25_64,PC_AGE,A,2018,81.9132624954638,
GBR,LFPR,25_64,PC_AGE,A,2019,82.3377227163111,
GBR,LFPR,25_64,PC_AGE,A,2020,82.596624986272,
USA,LFPR,25_64,PC_AGE,A,1960,67.2186026420935,
USA,LFPR,25_64,PC_AGE,A,1961,67.5540229336452,
USA,LFPR,25_64,PC_AGE,A,1962,67.4071700665741,
USA,LFPR,25_64,PC_AGE,A,1963,67.763662314071,
USA,LFPR,25_64,PC_AGE,A,1964,67.900395090097,
USA,LFPR,25_64,PC_AGE,A,1965,68.0632420277529,
USA,LFPR,25_64,PC_AGE,A,1966,68.2964880450233,
USA,LFPR,25_64,PC_AGE,A,1967,69.07301452756,
USA,LFPR,25_64,PC_AGE,A,1968,69.2935792603605,
USA,LFPR,25_64,PC_AGE,A,1969,69.6462402259654,
USA,LFPR,25_64,PC_AGE,A,1970,69.9317738791423,
USA,LFPR,25_64,PC_AGE,A,1971,69.8044433511858,
USA,LFPR,25_64,PC_AGE,A,1972,69.6978643834268,
USA,LFPR,25_64,PC_AGE,A,1973,69.8709968232163,
USA,LFPR,25_64,PC_AGE,A,1974,70.3487331712298,
USA,LFPR,25_64,PC_AGE,A,1975,70.5853128396212,
USA,LFPR,25_64,PC_AGE,A,1976,71.1024566826649,
USA,LFPR,25_64,PC_AGE,A,1977,71.7742660051312,
USA,LFPR,25_64,PC_AGE,A,1978,72.6755125240092,
USA,LFPR,25_64,PC_AGE,A,1979,73.4515059806889,
USA,LFPR,25_64,PC_AGE,A,1980,73.9879114257739,
USA,LFPR,25_64,PC_AGE,A,1981,74.4071319691441,
USA,LFPR,25_64,PC_AGE,A,1982,74.872366858003,
USA,LFPR,25_64,PC_AGE,A,1983,75.0899793314803,
USA,LFPR,25_64,PC_AGE,A,1984,75.6354396779799,
USA,LFPR,25_64,PC_AGE,A,1985,76.2698637303078,
USA,LFPR,25_64,PC_AGE,A,1986,76.8369935980374,
USA,LFPR,25_64,PC_AGE,A,1987,77.4593210539357,
USA,LFPR,25_64,PC_AGE,A,1988,77.9013158429441,
USA,LFPR,25_64,PC_AGE,A,1989,78.651047042914,
USA,LFPR,25_64,PC_AGE,A,1990,78.9726238566922,
USA,LFPR,25_64,PC_AGE,A,1991,78.8841389209598,
USA,LFPR,25_64,PC_AGE,A,1992,79.2795080768668,
USA,LFPR,25_64,PC_AGE,A,1993,79.1927188190873,
USA,LFPR,25_64,PC_AGE,A,1994,79.2546565206298,
USA,LFPR,25_64,PC_AGE,A,1995,79.422240690996,
USA,LFPR,25_64,PC_AGE,A,1996,79.8057128623653,
USA,LFPR,25_64,PC_AGE,A,1997,80.1984993277335,
USA,LFPR,25_64,PC_AGE,A,1998,80.0967469551901,
USA,LFPR,25_64,PC_AGE,A,1999,80.0617297060052,
USA,LFPR,25_64,PC_AGE,A,2000,79.8891549966526,
USA,LFPR,25_64,PC_AGE,A,2001,79.7278586774886,
USA,LFPR,25_64,PC_AGE,A,2002,79.5229753402506,
USA,LFPR,25_64,PC_AGE,A,2003,79.2104252473215,
USA,LFPR,25_64,PC_AGE,A,2004,78.8654819502524,
USA,LFPR,25_64,PC_AGE,A,2005,78.8836335363483,
USA,LFPR,25_64,PC_AGE,A,2006,79.0680856782649,
USA,LFPR,25_64,PC_AGE,A,2007,79.0633887379132,
USA,LFPR,25_64,PC_AGE,A,2008,79.1808573475261,
USA,LFPR,25_64,PC_AGE,A,2009,78.7899023309514,
USA,LFPR,25_64,PC_AGE,A,2010,78.321348579512,
USA,LFPR,25_64,PC_AGE,A,2011,77.6210325804616,
USA,LFPR,25_64,PC_AGE,A,2012,77.4510708158861,
USA,LFPR,25_64,PC_AGE,A,2013,77.0319469855042,
USA,LFPR,25_64,PC_AGE,A,2014,76.8650129356262,
USA,LFPR,25_64,PC_AGE,A,2015,76.7071205711424,
USA,LFPR,25_64,PC_AGE,A,2016,77.0430181541758,
USA,LFPR,25_64,PC_AGE,A,2017,77.4159437952541,
USA,LFPR,25_64,PC_AGE,A,2018,77.7783053020142,
USA,LFPR,25_64,PC_AGE,A,2019,78.1985627903941,
USA,LFPR,25_64,PC_AGE,A,2020,77.2259042410913,
CHL,LFPR,25_64,PC_AGE,A,1996,66.9239619860679,
CHL,LFPR,25_64,PC_AGE,A,1997,67.3976463910027,
CHL,LFPR,25_64,PC_AGE,A,1998,67.9441461097567,
CHL,LFPR,25_64,PC_AGE,A,1999,68.5256949822071,
CHL,LFPR,25_64,PC_AGE,A,2000,68.2753262247809,
CHL,LFPR,25_64,PC_AGE,A,2001,67.8037468383446,
CHL,LFPR,25_64,PC_AGE,A,2002,67.5750875346877,
CHL,LFPR,25_64,PC_AGE,A,2003,68.5710033594303,
CHL,LFPR,25_64,PC_AGE,A,2004,69.4628958064852,
CHL,LFPR,25_64,PC_AGE,A,2005,70.1183581010167,
CHL,LFPR,25_64,PC_AGE,A,2006,71.2814239302912,
CHL,LFPR,25_64,PC_AGE,A,2007,71.9849569107755,
CHL,LFPR,25_64,PC_AGE,A,2008,73.2242469470396,
CHL,LFPR,25_64,PC_AGE,A,2009,73.6700338826078,
CHL,LFPR,25_64,PC_AGE,A,2010,74.1782735746417,
CHL,LFPR,25_64,PC_AGE,A,2011,75.5418252024961,
CHL,LFPR,25_64,PC_AGE,A,2012,75.9514184625581,
CHL,LFPR,25_64,PC_AGE,A,2013,76.2794746638092,
CHL,LFPR,25_64,PC_AGE,A,2014,76.4175773295392,
CHL,LFPR,25_64,PC_AGE,A,2015,76.4736402540073,
CHL,LFPR,25_64,PC_AGE,A,2016,76.4658069924305,
CHL,LFPR,25_64,PC_AGE,A,2017,76.9389174069502,
CHL,LFPR,25_64,PC_AGE,A,2018,77.2837211035406,
CHL,LFPR,25_64,PC_AGE,A,2019,77.2649759680109,
CHL,LFPR,25_64,PC_AGE,A,2020,71.9690323288024,
COL,LFPR,25_64,PC_AGE,A,2001,77.3935904691218,
COL,LFPR,25_64,PC_AGE,A,2002,77.222260025156,
COL,LFPR,25_64,PC_AGE,A,2003,77.9920791882657,
COL,LFPR,25_64,PC_AGE,A,2004,77.2130130580886,
COL,LFPR,25_64,PC_AGE,A,2005,76.8368457156243,
COL,LFPR,25_64,PC_AGE,A,2007,75.7381363233847,
COL,LFPR,25_64,PC_AGE,A,2008,76.4262245608376,
COL,LFPR,25_64,PC_AGE,A,2009,78.614931512141,
COL,LFPR,25_64,PC_AGE,A,2010,79.9922949280066,
COL,LFPR,25_64,PC_AGE,A,2011,80.5370376142077,
COL,LFPR,25_64,PC_AGE,A,2012,81.2845197403744,
COL,LFPR,25_64,PC_AGE,A,2013,81.1509037314927,
COL,LFPR,25_64,PC_AGE,A,2014,81.2129305766365,
COL,LFPR,25_64,PC_AGE,A,2015,81.7569178804684,
COL,LFPR,25_64,PC_AGE,A,2016,81.747466902665,
COL,LFPR,25_64,PC_AGE,A,2017,81.6295145956888,
COL,LFPR,25_64,PC_AGE,A,2018,81.1840086894426,
COL,LFPR,25_64,PC_AGE,A,2019,80.7017512928811,
COL,LFPR,25_64,PC_AGE,A,2020,76.3170827742893,
CRI,LFPR,25_64,PC_AGE,A,1987,63.0783773795315,
CRI,LFPR,25_64,PC_AGE,A,1988,62.7089479933865,
CRI,LFPR,25_64,PC_AGE,A,1989,62.669379091915,
CRI,LFPR,25_64,PC_AGE,A,1990,63.191849357248,
CRI,LFPR,25_64,PC_AGE,A,1991,62.7117391356651,
CRI,LFPR,25_64,PC_AGE,A,1992,62.6708087153446,
CRI,LFPR,25_64,PC_AGE,A,1993,63.518397847667,
CRI,LFPR,25_64,PC_AGE,A,1994,64.5633194115966,
CRI,LFPR,25_64,PC_AGE,A,1995,65.6371958831696,
CRI,LFPR,25_64,PC_AGE,A,1996,64.6027996792239,
CRI,LFPR,25_64,PC_AGE,A,1997,67.0290346683918,
CRI,LFPR,25_64,PC_AGE,A,1998,68.2771964745262,
CRI,LFPR,25_64,PC_AGE,A,1999,68.7827810891117,
CRI,LFPR,25_64,PC_AGE,A,2000,68.5650079077789,
CRI,LFPR,25_64,PC_AGE,A,2001,71.1062681317114,
CRI,LFPR,25_64,PC_AGE,A,2002,71.3541798562077,
CRI,LFPR,25_64,PC_AGE,A,2003,71.6626155264855,
CRI,LFPR,25_64,PC_AGE,A,2004,70.8601950200362,
CRI,LFPR,25_64,PC_AGE,A,2005,73.8928887735286,
CRI,LFPR,25_64,PC_AGE,A,2006,73.098444838989,
CRI,LFPR,25_64,PC_AGE,A,2007,73.8780627508314,
CRI,LFPR,25_64,PC_AGE,A,2008,74.0404294519642,
CRI,LFPR,25_64,PC_AGE,A,2009,74.3640093413288,
CRI,LFPR,25_64,PC_AGE,A,2010,74.2346061265364,
CRI,LFPR,25_64,PC_AGE,A,2011,73.0113269869973,
CRI,LFPR,25_64,PC_AGE,A,2012,76.3059999598326,
CRI,LFPR,25_64,PC_AGE,A,2013,75.6719590016893,
CRI,LFPR,25_64,PC_AGE,A,2014,75.5183531147214,
CRI,LFPR,25_64,PC_AGE,A,2015,74.7593079994644,
CRI,LFPR,25_64,PC_AGE,A,2016,72.6424557908946,
CRI,LFPR,25_64,PC_AGE,A,2017,73.4596320750762,
CRI,LFPR,25_64,PC_AGE,A,2018,75.161874508404,
CRI,LFPR,25_64,PC_AGE,A,2019,77.6396113173311,
CRI,LFPR,25_64,PC_AGE,A,2020,75.3234148802434,
EST,LFPR,25_64,PC_AGE,A,1990,85.4775330074906,
EST,LFPR,25_64,PC_AGE,A,1991,84.1611575183647,
EST,LFPR,25_64,PC_AGE,A,1992,81.7355722032234,
EST,LFPR,25_64,PC_AGE,A,1993,80.031358751335,
EST,LFPR,25_64,PC_AGE,A,1994,79.6074684274052,
EST,LFPR,25_64,PC_AGE,A,1995,79.2381222639948,
EST,LFPR,25_64,PC_AGE,A,1996,79.107517493111,
EST,LFPR,25_64,PC_AGE,A,1997,79.6203320487159,
EST,LFPR,25_64,PC_AGE,A,1998,79.0812001613428,
EST,LFPR,25_64,PC_AGE,A,1999,78.5869591321883,
EST,LFPR,25_64,PC_AGE,A,2000,78.23280613015,
EST,LFPR,25_64,PC_AGE,A,2001,78.023605502656,
EST,LFPR,25_64,PC_AGE,A,2002,78.2417585518402,
EST,LFPR,25_64,PC_AGE,A,2003,78.6115072314109,
EST,LFPR,25_64,PC_AGE,A,2004,78.8067215575211,
EST,LFPR,25_64,PC_AGE,A,2005,79.5899082123458,
EST,LFPR,25_64,PC_AGE,A,2006,82.8165103063433,
EST,LFPR,25_64,PC_AGE,A,2007,82.5941481178395,
EST,LFPR,25_64,PC_AGE,A,2008,82.9945861727751,
EST,LFPR,25_64,PC_AGE,A,2009,82.9446632988071,
EST,LFPR,25_64,PC_AGE,A,2010,82.7166605000814,
EST,LFPR,25_64,PC_AGE,A,2011,82.9079503891249,
EST,LFPR,25_64,PC_AGE,A,2012,82.372893006914,
EST,LFPR,25_64,PC_AGE,A,2013,82.5807502152683,
EST,LFPR,25_64,PC_AGE,A,2014,82.358707881427,
EST,LFPR,25_64,PC_AGE,A,2015,83.136561357992,
EST,LFPR,25_64,PC_AGE,A,2016,83.5463017186922,
EST,LFPR,25_64,PC_AGE,A,2017,84.5105547000002,
EST,LFPR,25_64,PC_AGE,A,2018,84.4924365053915,
EST,LFPR,25_64,PC_AGE,A,2019,84.6622011355576,
EST,LFPR,25_64,PC_AGE,A,2020,85.8899716215213,
ISR,LFPR,25_64,PC_AGE,A,1985,68.1408555095016,
ISR,LFPR,25_64,PC_AGE,A,1986,68.1101177929071,
ISR,LFPR,25_64,PC_AGE,A,1987,68.3087075323248,
ISR,LFPR,25_64,PC_AGE,A,1988,69.421346279193,
ISR,LFPR,25_64,PC_AGE,A,1989,71.0376320603639,
ISR,LFPR,25_64,PC_AGE,A,1990,71.13142668183,
ISR,LFPR,25_64,PC_AGE,A,1991,71.4478046951488,
ISR,LFPR,25_64,PC_AGE,A,1992,72.0468008546176,
ISR,LFPR,25_64,PC_AGE,A,1993,72.4547709947929,
ISR,LFPR,25_64,PC_AGE,A,1994,72.8307503067252,
ISR,LFPR,25_64,PC_AGE,A,1995,73.3785694910519,
ISR,LFPR,25_64,PC_AGE,A,1996,73.0383207641171,
ISR,LFPR,25_64,PC_AGE,A,1997,73.1539345641948,
ISR,LFPR,25_64,PC_AGE,A,1998,73.4309218234648,
ISR,LFPR,25_64,PC_AGE,A,1999,74.19247429296,
ISR,LFPR,25_64,PC_AGE,A,2000,74.4784996672015,
ISR,LFPR,25_64,PC_AGE,A,2001,74.689390536851,
ISR,LFPR,25_64,PC_AGE,A,2002,74.9094189952827,
ISR,LFPR,25_64,PC_AGE,A,2003,75.4895216270738,
ISR,LFPR,25_64,PC_AGE,A,2004,75.8384603753015,
ISR,LFPR,25_64,PC_AGE,A,2005,75.6444289774974,
ISR,LFPR,25_64,PC_AGE,A,2006,75.9908243042646,
ISR,LFPR,25_64,PC_AGE,A,2007,76.7564160535347,
ISR,LFPR,25_64,PC_AGE,A,2008,76.8755968685238,
ISR,LFPR,25_64,PC_AGE,A,2009,77.367424119165,
ISR,LFPR,25_64,PC_AGE,A,2010,77.5508837542982,
ISR,LFPR,25_64,PC_AGE,A,2011,77.723726650843,
ISR,LFPR,25_64,PC_AGE,A,2012,78.6696914795864,
ISR,LFPR,25_64,PC_AGE,A,2013,78.8061948689368,
ISR,LFPR,25_64,PC_AGE,A,2014,79.5401931471267,
ISR,LFPR,25_64,PC_AGE,A,2015,79.8271463684088,
ISR,LFPR,25_64,PC_AGE,A,2016,79.9217838575862,
ISR,LFPR,25_64,PC_AGE,A,2017,80.0240023747222,
ISR,LFPR,25_64,PC_AGE,A,2018,80.2984127052978,
ISR,LFPR,25_64,PC_AGE,A,2019,80.3983861994005,
ISR,LFPR,25_64,PC_AGE,A,2020,79.209057094538,
LVA,LFPR,25_64,PC_AGE,A,2000,74.9887061296912,
LVA,LFPR,25_64,PC_AGE,A,2001,76.0269321473706,
LVA,LFPR,25_64,PC_AGE,A,2002,76.8419189233806,
LVA,LFPR,25_64,PC_AGE,A,2003,77.653608224369,
LVA,LFPR,25_64,PC_AGE,A,2004,78.3798268667042,
LVA,LFPR,25_64,PC_AGE,A,2005,78.2771970434552,
LVA,LFPR,25_64,PC_AGE,A,2006,79.9066430059688,
LVA,LFPR,25_64,PC_AGE,A,2007,81.4618396219094,
LVA,LFPR,25_64,PC_AGE,A,2008,83.2656640611325,
LVA,LFPR,25_64,PC_AGE,A,2009,82.5709604026452,
LVA,LFPR,25_64,PC_AGE,A,2010,81.691192868814,
LVA,LFPR,25_64,PC_AGE,A,2011,81.5846997052128,
LVA,LFPR,25_64,PC_AGE,A,2012,82.26978511686,
LVA,LFPR,25_64,PC_AGE,A,2013,81.4197458434901,
LVA,LFPR,25_64,PC_AGE,A,2014,81.2671359030822,
LVA,LFPR,25_64,PC_AGE,A,2015,82.1822397884505,
LVA,LFPR,25_64,PC_AGE,A,2016,82.8108048540744,
LVA,LFPR,25_64,PC_AGE,A,2017,83.3119219068547,
LVA,LFPR,25_64,PC_AGE,A,2018,84.3411009788696,
LVA,LFPR,25_64,PC_AGE,A,2019,84.1227589061116,
LVA,LFPR,25_64,PC_AGE,A,2020,85.4586510305735,
LTU,LFPR,25_64,PC_AGE,A,2000,79.8817133497272,
LTU,LFPR,25_64,PC_AGE,A,2001,79.5578028068986,
LTU,LFPR,25_64,PC_AGE,A,2002,80.2072000372027,
LTU,LFPR,25_64,PC_AGE,A,2003,81.2542977604771,
LTU,LFPR,25_64,PC_AGE,A,2004,81.3735392860139,
LTU,LFPR,25_64,PC_AGE,A,2005,80.9063185190977,
LTU,LFPR,25_64,PC_AGE,A,2006,79.0982753494135,
LTU,LFPR,25_64,PC_AGE,A,2007,79.4434932021254,
LTU,LFPR,25_64,PC_AGE,A,2008,79.3262991511298,
LTU,LFPR,25_64,PC_AGE,A,2009,80.9460939427154,
LTU,LFPR,25_64,PC_AGE,A,2010,81.757781278887,
LTU,LFPR,25_64,PC_AGE,A,2011,82.8413375938153,
LTU,LFPR,25_64,PC_AGE,A,2012,82.7888016413009,
LTU,LFPR,25_64,PC_AGE,A,2013,82.6759007755852,
LTU,LFPR,25_64,PC_AGE,A,2014,83.3806786241345,
LTU,LFPR,25_64,PC_AGE,A,2015,83.6396160345526,
LTU,LFPR,25_64,PC_AGE,A,2016,84.4657809370768,
LTU,LFPR,25_64,PC_AGE,A,2017,84.5774758459666,
LTU,LFPR,25_64,PC_AGE,A,2018,85.4318407839773,
LTU,LFPR,25_64,PC_AGE,A,2019,85.7361288985124,
LTU,LFPR,25_64,PC_AGE,A,2020,86.2372029553296,
SVN,LFPR,25_64,PC_AGE,A,2000,74.9796915930406,
SVN,LFPR,25_64,PC_AGE,A,2001,76.1205363756401,
SVN,LFPR,25_64,PC_AGE,A,2002,75.8553673097506,
SVN,LFPR,25_64,PC_AGE,A,2003,75.2253481856979,
SVN,LFPR,25_64,PC_AGE,A,2004,76.9923165032669,
SVN,LFPR,25_64,PC_AGE,A,2005,77.7500467981578,
SVN,LFPR,25_64,PC_AGE,A,2006,77.7967431228782,
SVN,LFPR,25_64,PC_AGE,A,2007,77.8199276946567,
SVN,LFPR,25_64,PC_AGE,A,2008,78.0921598938606,
SVN,LFPR,25_64,PC_AGE,A,2009,78.380072907234,
SVN,LFPR,25_64,PC_AGE,A,2010,77.8983686570045,
SVN,LFPR,25_64,PC_AGE,A,2011,76.7015253074939,
SVN,LFPR,25_64,PC_AGE,A,2012,77.1617927090382,
SVN,LFPR,25_64,PC_AGE,A,2013,77.225037479477,
SVN,LFPR,25_64,PC_AGE,A,2014,77.4609663854068,
SVN,LFPR,25_64,PC_AGE,A,2015,78.0506871646214,
SVN,LFPR,25_64,PC_AGE,A,2016,78.150167103108,
SVN,LFPR,25_64,PC_AGE,A,2017,80.1585450749243,
SVN,LFPR,25_64,PC_AGE,A,2018,81.1759374564698,
SVN,LFPR,25_64,PC_AGE,A,2019,81.842943241022,
SVN,LFPR,25_64,PC_AGE,A,2020,81.9271113699135,
OECD,LFPR,25_64,PC_AGE,A,1960,67.2186026420935,
OECD,LFPR,25_64,PC_AGE,A,1961,67.4717100428316,
OECD,LFPR,25_64,PC_AGE,A,1962,67.4071700665741,
OECD,LFPR,25_64,PC_AGE,A,1963,68.2373557527621,
OECD,LFPR,25_64,PC_AGE,A,1964,68.3612744706221,
OECD,LFPR,25_64,PC_AGE,A,1965,68.5073016971806,
OECD,LFPR,25_64,PC_AGE,A,1966,68.4853689856264,
OECD,LFPR,25_64,PC_AGE,A,1967,69.26030500678,
OECD,LFPR,25_64,PC_AGE,A,1968,71.1611771202846,
OECD,LFPR,25_64,PC_AGE,A,1969,71.2856384739367,
OECD,LFPR,25_64,PC_AGE,A,1970,68.8518448962931,
OECD,LFPR,25_64,PC_AGE,A,1971,68.3944356238613,
OECD,LFPR,25_64,PC_AGE,A,1972,67.7269162936015,
OECD,LFPR,25_64,PC_AGE,A,1973,68.2286466813595,
OECD,LFPR,25_64,PC_AGE,A,1974,68.4176390341162,
OECD,LFPR,25_64,PC_AGE,A,1975,68.7562339782464,
OECD,LFPR,25_64,PC_AGE,A,1976,69.2797170125534,
OECD,LFPR,25_64,PC_AGE,A,1977,70.0426232699335,
OECD,LFPR,25_64,PC_AGE,A,1978,70.5722959797098,
OECD,LFPR,25_64,PC_AGE,A,1979,71.1451912643517,
OECD,LFPR,25_64,PC_AGE,A,1980,71.5585569835298,
OECD,LFPR,25_64,PC_AGE,A,1981,71.7543837081858,
OECD,LFPR,25_64,PC_AGE,A,1982,72.0289736632838,
OECD,LFPR,25_64,PC_AGE,A,1983,71.9295797987334,
OECD,LFPR,25_64,PC_AGE,A,1984,72.0510956316514,
OECD,LFPR,25_64,PC_AGE,A,1985,72.3687611578843,
OECD,LFPR,25_64,PC_AGE,A,1986,72.7785728865897,
OECD,LFPR,25_64,PC_AGE,A,1987,73.3083472040996,
OECD,LFPR,25_64,PC_AGE,A,1988,73.1803200244178,
OECD,LFPR,25_64,PC_AGE,A,1989,73.7123613068003,
OECD,LFPR,25_64,PC_AGE,A,1990,74.1023565633582,
OECD,LFPR,25_64,PC_AGE,A,1991,73.9119119044123,
OECD,LFPR,25_64,PC_AGE,A,1992,74.1233312844468,
OECD,LFPR,25_64,PC_AGE,A,1993,73.932281888653,
OECD,LFPR,25_64,PC_AGE,A,1994,74.0400550540184,
OECD,LFPR,25_64,PC_AGE,A,1995,74.1546004773772,
OECD,LFPR,25_64,PC_AGE,A,1996,74.3448712348982,
OECD,LFPR,25_64,PC_AGE,A,1997,74.67342997445,
OECD,LFPR,25_64,PC_AGE,A,1998,74.6596377495827,
OECD,LFPR,25_64,PC_AGE,A,1999,74.6773435931184,
OECD,LFPR,25_64,PC_AGE,A,2000,74.6469311638814,
OECD,LFPR,25_64,PC_AGE,A,2001,74.6918551764512,
OECD,LFPR,25_64,PC_AGE,A,2002,74.8617418304214,
OECD,LFPR,25_64,PC_AGE,A,2003,74.9046632664699,
OECD,LFPR,25_64,PC_AGE,A,2004,75.0924927251274,
OECD,LFPR,25_64,PC_AGE,A,2005,75.3239762243377,
OECD,LFPR,25_64,PC_AGE,A,2006,75.5923729185583,
OECD,LFPR,25_64,PC_AGE,A,2007,75.7553724200924,
OECD,LFPR,25_64,PC_AGE,A,2008,75.9968020184983,
OECD,LFPR,25_64,PC_AGE,A,2009,76.1254173763937,
OECD,LFPR,25_64,PC_AGE,A,2010,76.206872476238,
OECD,LFPR,25_64,PC_AGE,A,2011,76.1817326305664,
OECD,LFPR,25_64,PC_AGE,A,2012,76.5408804923639,
OECD,LFPR,25_64,PC_AGE,A,2013,76.7208914705564,
OECD,LFPR,25_64,PC_AGE,A,2014,76.8574928128799,
OECD,LFPR,25_64,PC_AGE,A,2015,77.0590254555713,
OECD,LFPR,25_64,PC_AGE,A,2016,77.4306363613479,
OECD,LFPR,25_64,PC_AGE,A,2017,77.7916064634819,
OECD,LFPR,25_64,PC_AGE,A,2018,78.1329445141583,
OECD,LFPR,25_64,PC_AGE,A,2019,78.4240733234012,
OECD,LFPR,25_64,PC_AGE,A,2020,77.3431794846599,